"Grouping","Obs","Sites","Richness","SD","LWR","UPR","labelit"
"S Pacific",1,2009.45,2.15,2.43464576478797,-2.71929152957594,7.01929152957594,TRUE
"S Pacific",2,4018.9,4.1684210526316,3.241791152048,-2.3151612514644,10.6520033567276,TRUE
"S Pacific",3,6028.35,6.06140350877196,3.7332489568799,-1.40509440498784,13.5279014225318,TRUE
"S Pacific",4,8037.8,7.83488132094947,4.04708490655019,-0.259288492150908,15.9290511340498,TRUE
"S Pacific",5,10047.25,9.49458204334368,4.24036433140695,1.01385338052978,17.9753107061576,TRUE
"S Pacific",6,12056.7,11.0460268317854,4.34397656312799,2.35807370552939,19.7339799580414,TRUE
"S Pacific",7,14066.15,12.4945304437565,4.37705249659099,3.74042545057448,21.2486354369384,TRUE
"S Pacific",8,16075.6,13.8452012383901,4.35238806722291,5.14042510394427,22.5499773728359,TRUE
"S Pacific",9,18085.05,15.1029411764706,4.27891811263693,6.54510495119673,23.6607774017444,TRUE
"S Pacific",10,20094.5,16.2724458204334,4.16298179023254,7.94648223996836,24.5984094008985,TRUE
"S Pacific",11,22103.95,17.3582043343653,4.00900516671064,9.34019400094404,25.3762146677866,TRUE
"S Pacific",12,24113.4,18.3644994840041,3.81985405204133,10.7247913799215,26.0042075880868,TRUE
"S Pacific",13,26122.85,19.2954076367389,3.59695521788346,12.101497200972,26.4893180725058,TRUE
"S Pacific",14,28132.3,20.1547987616099,3.34019367594188,13.4744114097261,26.8351861134937,TRUE
"S Pacific",15,30141.75,20.9463364293086,3.04749546979062,14.8513454897273,27.0413273688898,TRUE
"S Pacific",16,32151.2,21.6734778121775,2.71379579339338,16.2458862253908,27.1010693989643,TRUE
"S Pacific",17,34160.65,22.3394736842105,2.32730593567813,17.6848618128543,26.9940855555668,TRUE
"S Pacific",18,36170.1,22.9473684210526,1.87096925462737,19.2054299117979,26.6893069303074,TRUE
"S Pacific",19,38179.55,23.5,1.24498995979887,21.0100200804023,25.9899799195977,TRUE
"S Pacific",20,40189,24,0,24,24,TRUE
"S Atlantic",1,2012.47619047619,3.76190476190477,4.77996574907795,-5.79802673625113,13.3218362600607,TRUE
"S Atlantic",2,4024.95238095238,7.50476190476189,6.56962747562707,-5.63449304649224,20.644016856016,TRUE
"S Atlantic",3,6037.42857142857,11.2285714285712,7.80882870013852,-4.3890859717058,26.8462288288483,TRUE
"S Atlantic",4,8049.90476190476,14.9333333333333,8.73743292163721,-2.54153250994117,32.4081991766077,TRUE
"S Atlantic",5,10062.380952381,18.6190476190476,9.44961998305626,-0.280192347064936,37.5182875851601,TRUE
"S Atlantic",6,12074.8571428571,22.2857142857141,9.99376662129102,2.29818104313211,42.2732475282962,TRUE
"S Atlantic",7,14087.3333333333,25.9333333333333,10.3981738936216,5.13698554609002,46.7296811205766,TRUE
"S Atlantic",8,16099.8095238095,29.5619047619047,10.6805306240118,8.20084351388105,50.9229660099283,TRUE
"S Atlantic",9,18112.2857142857,33.1714285714286,10.8521135540083,11.467201463412,54.8756556794451,TRUE
"S Atlantic",10,20124.7619047619,36.7619047619047,10.9198543738549,14.922196014195,58.6016135096145,TRUE
"S Atlantic",11,22137.2380952381,40.3333333333333,10.8873826912193,18.5585679508947,62.1080987157719,TRUE
"S Atlantic",12,24149.7142857143,43.8857142857143,10.7554848339975,22.3747446177193,65.3966839537093,TRUE
"S Atlantic",13,26162.1904761905,47.4190476190475,10.5221428184687,26.3747619821102,68.4633332559848,TRUE
"S Atlantic",14,28174.6666666667,50.9333333333333,10.1821618020235,30.5690097292863,71.2976569373804,TRUE
"S Atlantic",15,30187.1428571429,54.4285714285714,9.72624226670483,34.9760868951617,73.881055961981,TRUE
"S Atlantic",16,32199.619047619,57.9047619047619,9.1390928326917,39.6265762393785,76.1829475701453,TRUE
"S Atlantic",17,34212.0952380952,61.3619047619047,8.3955519523445,44.5708008572157,78.1530086665937,TRUE
"S Atlantic",18,36224.5714285714,64.8,7.45178420978336,49.8964315804333,79.7035684195667,TRUE
"S Atlantic",19,38237.0476190476,68.2190476190476,6.22110213605819,55.7768433469312,80.661251891164,TRUE
"S Atlantic",20,40249.5238095238,71.6190476190476,4.46655497880467,62.6859376614383,80.552157576657,TRUE
"S Atlantic",21,42262,75,0,75,75,TRUE
"N Pacific",1,1975.69871794872,3.12820512820512,5.09614981454443,-7.06409450088375,13.320504757294,TRUE
"N Pacific",2,3951.39743589744,6.15674110835431,7.06402625834337,-7.97131140833244,20.2847936250411,TRUE
"N Pacific",3,5927.09615384615,9.09239792465644,8.48685997515327,-7.8813220256501,26.066117874963,TRUE
"N Pacific",4,7902.79487179487,11.9413207496695,9.62030783994022,-7.29929493021097,31.1819364295499,TRUE
"N Pacific",5,9878.49358974359,14.7090781082726,10.5660381071653,-6.42299810605797,35.8411543226031,TRUE
"N Pacific",6,11854.1923076923,17.4007228032584,11.3773549319994,-5.35398706074042,40.1554326672573,TRUE
"N Pacific",7,13829.891025641,20.0208463451329,12.086499297087,-4.15215224904117,44.193844939307,TRUE
"N Pacific",8,15805.5897435897,22.5736275562469,12.7147783449133,-2.85592913357982,48.0031842460735,TRUE
"N Pacific",9,17781.2884615385,25.0628759536947,13.277151098657,-1.49142624361929,51.6171781510086,TRUE
"N Pacific",10,19756.9871794872,27.4920704557439,13.7845919120436,-0.0771133683432872,55.061254279831,TRUE
"N Pacific",11,21732.6858974359,29.8643939023983,14.2454260284562,1.37354184548583,58.3552459593108,TRUE
"N Pacific",12,23708.3846153846,32.1827638317109,14.6661381406762,2.85048755035857,61.5150401130632,TRUE
"N Pacific",13,25684.0833333333,34.4498599089633,15.0518888179714,4.34608227302042,64.5536375449062,TRUE
"N Pacific",14,27659.782051282,36.6681483657144,15.4068587449902,5.85443087573396,67.4818658556949,TRUE
"N Pacific",15,29635.4807692308,38.8399037691975,15.734486317334,7.37093113452963,70.3088764038655,TRUE
"N Pacific",16,31611.1794871795,40.9672284098484,16.0376364404396,8.89195552896927,73.0425012907275,TRUE
"N Pacific",17,33586.8782051282,43.052069564914,16.3187234078891,10.4146227491358,75.6895163806923,TRUE
"N Pacific",18,35562.5769230769,45.0962348693773,16.5798022303084,11.9366304087605,78.2558393299941,TRUE
"N Pacific",19,37538.2756410256,47.1014060012374,16.8226377453678,13.4561305105018,80.746681491973,TRUE
"N Pacific",20,39513.9743589744,49.0691508663662,17.0487577413221,14.971635383722,83.1666663490104,TRUE
"N Pacific",21,41489.6730769231,51.0009344486737,17.2594943613504,16.481945725973,85.5199231713744,TRUE
"N Pacific",22,43465.3717948718,52.8981284734954,17.4560167743853,17.9860949247249,87.810162022266,TRUE
"N Pacific",23,45441.0705128205,54.7620200164342,17.63935724182,19.4833055327942,90.0407345000743,TRUE
"N Pacific",24,47416.7692307692,56.5938191754343,17.8104321247161,20.9729549260021,92.2146834248664,TRUE
"N Pacific",25,49392.467948718,58.3946659112989,17.9700589691301,22.4545479730386,94.3347838495591,TRUE
"N Pacific",26,51368.1666666667,60.1656361501554,18.118970518832,23.9276951124915,96.4035771878193,TRUE
"N Pacific",27,53343.8653846154,61.9077472312836,18.2578262973238,25.392094636636,98.4233998259313,TRUE
"N Pacific",28,55319.5641025641,63.6219627743589,18.3872222497294,26.8475182749,100.396407273818,TRUE
"N Pacific",29,57295.2628205128,65.3091970320415,18.5076988233304,28.2937993853807,102.324594678702,TRUE
"N Pacific",30,59270.9615384615,66.9703187863767,18.6197477819269,29.7308232225229,104.209814350231,TRUE
"N Pacific",31,61246.6602564103,68.6061548409586,18.7238179860557,31.1585188688471,106.05379081307,TRUE
"N Pacific",32,63222.358974359,70.2174931549085,18.8203203229152,32.576852509078,107.858133800739,TRUE
"N Pacific",33,65198.0576923077,71.8050856594992,18.9096319327577,33.9858217939838,109.624349525015,TRUE
"N Pacific",34,67173.7564102564,73.3696507935261,18.9920998497129,35.3854510941004,111.353850492952,TRUE
"N Pacific",35,69149.4551282051,74.9118757895018,19.0680441525039,36.7757874844941,113.04796409451,TRUE
"N Pacific",36,71125.1538461538,76.4324187388979,19.1377607027531,38.1568973333917,114.707940144404,TRUE
"N Pacific",37,73100.8525641026,77.9319104615193,19.2015235345215,39.5288633924762,116.334957530562,TRUE
"N Pacific",38,75076.5512820513,79.4109562010698,19.2595869474794,40.8917823061109,117.930130096029,TRUE
"N Pacific",39,77052.25,80.8701371664619,19.3121873470917,42.2457624722785,119.494511860645,TRUE
"N Pacific",40,79027.9487179487,82.3100119360874,19.3595448679116,43.5909222002643,121.029101671911,TRUE
"N Pacific",41,81003.6474358974,83.7311177402534,19.4018648101644,44.9273881199247,122.534847360582,TRUE
"N Pacific",42,82979.3461538462,85.1339716351746,19.4393389149662,46.2552938052422,124.012649465107,TRUE
"N Pacific",43,84955.0448717949,86.5190715803784,19.4721464995718,47.5747785812348,125.463364579522,TRUE
"N Pacific",44,86930.7435897436,87.8868974298966,19.5004554707658,48.885986488365,126.887808371428,TRUE
"N Pacific",45,88906.4423076923,89.2379118464554,19.5244232318189,50.1890653828176,128.286758310093,TRUE
"N Pacific",46,90882.141025641,90.5725611467568,19.5441974961751,51.4841661544066,129.660956139107,TRUE
"N Pacific",47,92857.8397435897,91.8912760849564,19.5599170191524,52.7714420466516,131.011110123261,TRUE
"N Pacific",48,94833.5384615385,93.1944725806398,19.5717122573698,54.0510480659003,132.337897095379,TRUE
"N Pacific",49,96809.2371794872,94.4825523968576,19.5797059642803,55.323140468297,133.641964325418,TRUE
"N Pacific",50,98784.9358974359,95.7559037730687,19.5840137290649,56.5878763149389,134.923931231198,TRUE
"N Pacific",51,100760.634615385,97.0149020173369,19.5847444651904,57.845413086956,136.184390947718,TRUE
"N Pacific",52,102736.333333333,98.2599100615675,19.582000854122,59.0959083533236,137.423911769811,TRUE
"N Pacific",53,104712.032051282,99.4912789831821,19.5758797489837,60.3395194852147,138.64303848115,TRUE
"N Pacific",54,106687.730769231,100.709348496179,19.566472542368,61.576403411443,139.842293580915,TRUE
"N Pacific",55,108663.429487179,101.914447414227,19.5538655019752,62.8067164102767,141.022178418178,TRUE
"N Pacific",56,110639.128205128,103.106894088159,19.538140077332,64.0306139334953,142.183174242823,TRUE
"N Pacific",57,112614.826923077,104.286996819912,19.5193731804419,65.2482504590279,143.325743180796,TRUE
"N Pacific",58,114590.525641026,105.45505425479,19.4976374428974,66.4597793689954,144.450329140585,TRUE
"N Pacific",59,116566.224358974,106.611355753693,19.4730014516872,67.6653528503184,145.557358657067,TRUE
"N Pacific",60,118541.923076923,107.756181746787,19.445529965682,68.8651218154227,146.647241678151,TRUE
"N Pacific",61,120517.621794872,108.889804069957,19.4152841145593,70.0592358408383,147.720372299076,TRUE
"N Pacific",62,122493.320512821,110.012486285196,19.3823215817311,71.2478431217334,148.777129448658,TRUE
"N Pacific",63,124469.019230769,111.124483986047,19.3466967726709,72.4310904407056,149.817877531389,TRUE
"N Pacific",64,126444.717948718,112.226045089046,19.3084609698825,73.6091231492808,150.842967028811,TRUE
"N Pacific",65,128420.416666667,113.317410112002,19.2676624756182,74.7820851607658,151.852735063239,TRUE
"N Pacific",66,130396.115384615,114.398812440007,19.22434674334,75.9501189533269,152.847505926687,TRUE
"N Pacific",67,132371.814102564,115.470478579804,19.1785564988069,77.1133655821901,153.827591577418,TRUE
"N Pacific",68,134347.512820513,116.532628403235,19.130331851582,78.2719647000708,154.793292106399,TRUE
"N Pacific",69,136323.211538462,117.585475380361,19.0797103976651,79.4260545850311,155.744896175691,TRUE
"N Pacific",70,138298.91025641,118.629226802827,19.026727313886,80.575772175055,156.682681430599,TRUE
"N Pacific",71,140274.608974359,119.66408399796,18.9714154446216,81.7212531087168,157.606914887203,TRUE
"N Pacific",72,142250.307692308,120.690242534122,18.9138053813432,82.8626317714357,158.517853296809,TRUE
"N Pacific",73,144226.006410256,121.707892417726,18.8539255354421,84.0000413468421,159.41574348861,TRUE
"N Pacific",74,146201.705128205,122.717218282353,18.7918022047344,85.1336138728846,160.300822691822,TRUE
"N Pacific",75,148177.403846154,123.718399570343,18.7274596339991,86.2634803023452,161.173318838341,TRUE
"N Pacific",76,150153.102564103,124.711610707234,18.6609200698608,87.3897705675119,162.033450846955,TRUE
"N Pacific",77,152128.801282051,125.697021269365,18.5922038102941,88.5126136487765,162.881428889953,TRUE
"N Pacific",78,154104.5,126.674796145,18.5213292489859,89.6321376470281,163.717454642972,TRUE
"N Pacific",79,156080.198717949,127.645095689238,18.4483129147627,90.7484698597126,164.541721518763,TRUE
"N Pacific",80,158055.897435897,128.608075872998,18.3731695062588,91.8617368604801,165.354414885515,TRUE
"N Pacific",81,160031.596153846,129.563888426373,18.2959119219695,92.9720645824337,166.155712270312,TRUE
"N Pacific",82,162007.294871795,130.512680976564,18.2165512858078,94.0795784049484,166.94578354818,TRUE
"N Pacific",83,163982.993589744,131.454597180673,18.1350969682566,95.1844032441602,167.724791117187,TRUE
"N Pacific",84,165958.692307692,132.38977685355,18.0515566031804,96.2866636471896,168.492890059911,TRUE
"N Pacific",85,167934.391025641,133.318356090933,17.9659361003355,97.3864838902622,169.250228291604,TRUE
"N Pacific",86,169910.08974359,134.24046738807,17.8782396535949,98.4839880808804,169.99694669526,TRUE
"N Pacific",87,171885.788461538,135.156239754028,17.788469744875,99.5793002642783,170.733179243778,TRUE
"N Pacific",88,173861.487179487,136.065798821863,17.6966271437275,100.672544534409,171.459053109318,TRUE
"N Pacific",89,175837.185897436,136.969266954843,17.6027109025339,101.763845149775,172.174688759911,TRUE
"N Pacific",90,177812.884615385,137.866763348872,17.5067183472112,102.853326654449,172.880200043294,TRUE
"N Pacific",91,179788.583333333,138.758404131293,17.4086450633103,103.941114004672,173.575694257913,TRUE
"N Pacific",92,181764.282051282,139.644302456208,17.3084848773575,105.027332701493,174.261272210923,TRUE
"N Pacific",93,183739.980769231,140.524568596473,17.206229833258,106.112108929957,174.937028262989,TRUE
"N Pacific",94,185715.67948718,141.399310032499,17.1018701635443,107.19556970541,175.603050359587,TRUE
"N Pacific",95,187691.378205128,142.268631537977,16.9953942552191,108.277843027538,176.259420048415,TRUE
"N Pacific",96,189667.076923077,143.132635262695,16.886788609894,109.359058042907,176.906212482483,TRUE
"N Pacific",97,191642.775641026,143.991420812523,16.7760377978889,110.439345216745,177.5434964083,TRUE
"N Pacific",98,193618.474358974,144.845085326689,16.6631244059027,111.518836514883,178.171334138494,TRUE
"N Pacific",99,195594.173076923,145.69372355249,16.5480289778105,112.597665596869,178.789781508111,TRUE
"N Pacific",100,197569.871794872,146.537427917496,16.4307299480843,113.675968021327,179.398887813664,TRUE
"N Pacific",101,199545.570512821,147.376288599372,16.3112035672636,114.753881464845,179.998695733899,TRUE
"N Pacific",102,201521.269230769,148.210393593416,16.1894238188249,115.831545955766,180.589241231065,TRUE
"N Pacific",103,203496.967948718,149.03982877789,16.065362326713,116.909104124464,181.170553431316,TRUE
"N Pacific",104,205472.666666667,149.864677977231,15.9389882526976,117.986701471836,181.742654482626,TRUE
"N Pacific",105,207448.365384615,150.685023023251,15.8102681826038,119.064486658043,182.305559388458,TRUE
"N Pacific",106,209424.064102564,151.500943814358,15.6791660003417,120.142611813674,182.859275815041,TRUE
"N Pacific",107,211399.762820513,152.312518372926,15.545642748506,121.221232875914,183.403803869938,TRUE
"N Pacific",108,213375.461538462,153.119822900841,15.4096564741535,122.300509952534,183.939135849148,TRUE
"N Pacific",109,215351.16025641,153.922931833322,15.271162058165,123.380607716992,184.465255949652,TRUE
"N Pacific",110,217326.858974359,154.721917891066,15.1301110263765,124.461695838313,184.982139943819,TRUE
"N Pacific",111,219302.557692308,155.51685213079,14.9864513403974,125.543949449996,185.489754811585,TRUE
"N Pacific",112,221278.256410256,156.307803994217,14.8401271657299,126.627549662757,185.988058325677,TRUE
"N Pacific",113,223253.955128205,157.094841355579,14.6910786144426,127.712684126694,186.476998584464,TRUE
"N Pacific",114,225229.653846154,157.878030567681,14.5392414592319,128.799547649217,186.956513486145,TRUE
"N Pacific",115,227205.352564103,158.657436506574,14.3845468152084,129.888342876157,187.426530136991,TRUE
"N Pacific",116,229181.051282051,159.433122614905,14.2269207851559,130.979281044593,187.886964185217,TRUE
"N Pacific",117,231156.75,160.205150943965,14.0662840633191,132.072582817327,188.337719070603,TRUE
"N Pacific",118,233132.448717949,160.973582194508,13.9025514919368,133.168479210635,188.778685178382,TRUE
"N Pacific",119,235108.147435897,161.738475756357,13.7356315637497,134.267212628858,189.209738883856,TRUE
"N Pacific",120,237083.846153846,162.499889746866,13.5654258625053,135.369038021856,189.630741471877,TRUE
"N Pacific",121,239059.544871795,163.257881048253,13.3918284320401,136.474224184173,190.041537912333,TRUE
"N Pacific",122,241035.243589744,164.012505343853,13.214725062754,137.583055218345,190.441955469361,TRUE
"N Pacific",123,243010.942307692,164.763817153329,13.0339924821398,138.695832189049,190.831802117608,TRUE
"N Pacific",124,244986.641025641,165.511869866874,12.8494974333905,139.812875000093,191.210864733655,TRUE
"N Pacific",125,246962.33974359,166.256715778428,12.6610956228395,140.934524532749,191.578907024107,TRUE
"N Pacific",126,248938.038461538,166.998406117952,12.4686305129246,142.061145092102,191.935667143801,TRUE
"N Pacific",127,250913.737179487,167.73699108279,12.2719319322848,143.19312721822,192.280854947359,TRUE
"N Pacific",128,252889.435897436,168.472519868134,12.0708144681942,144.330890931746,192.614148804523,TRUE
"N Pacific",129,254865.134615385,169.205040696639,11.8650755983868,145.474889499866,192.935191893413,TRUE
"N Pacific",130,256840.833333333,169.934600847194,11.6544935089235,146.625613829347,193.243587865041,TRUE
"N Pacific",131,258816.532051282,170.661246682893,11.4388245312863,147.783597620321,193.538895745466,TRUE
"N Pacific",132,260792.230769231,171.385023678219,11.2178001143725,148.949423449474,193.820623906964,TRUE
"N Pacific",133,262767.92948718,172.105976445466,10.9911232239966,150.123729997472,194.088222893459,TRUE
"N Pacific",134,264743.628205128,172.824148760422,10.7584640318515,151.307220696719,194.341076824125,TRUE
"N Pacific",135,266719.326923077,173.539583587339,10.5194547146522,152.500674158035,194.578493016643,TRUE
"N Pacific",136,268695.025641026,174.252323103205,10.2736831280377,153.704956847129,194.79968935928,TRUE
"N Pacific",137,270670.724358974,174.962408721337,10.0206850423306,154.921038636676,195.003778805998,TRUE
"N Pacific",138,272646.423076923,175.669881114323,9.75993451874941,156.150012076825,195.189750151822,TRUE
"N Pacific",139,274622.121794872,176.374780236322,9.49083185023927,157.393116535844,195.356443936801,TRUE
"N Pacific",140,276597.82051282,177.077145344742,9.21268826738671,158.651768809969,195.502521879516,TRUE
"N Pacific",141,278573.519230769,177.777015021322,8.92470627938006,159.927602462562,195.626427580082,TRUE
"N Pacific",142,280549.217948718,178.474427192624,8.62595402090863,161.222519150807,195.726335234441,TRUE
"N Pacific",143,282524.916666667,179.169419149953,8.31533120356287,162.538756742827,195.800081557079,TRUE
"N Pacific",144,284500.615384615,179.862027568732,7.99152304151589,163.8789814857,195.845073651763,TRUE
"N Pacific",145,286476.314102564,180.552288527329,7.65293650371147,165.246415519906,195.858161534752,TRUE
"N Pacific",146,288452.012820513,181.240237525372,7.29760980934833,166.645017906675,195.835457144069,TRUE
"N Pacific",147,290427.711538462,181.925909501549,6.9230799825749,168.079749536399,195.772069466699,TRUE
"N Pacific",148,292403.41025641,182.609338850916,6.52618189497604,169.556975060964,195.661702640868,TRUE
"N Pacific",149,294379.108974359,183.290559441729,6.10272964455276,171.085100152623,195.496018730834,TRUE
"N Pacific",150,296354.807692308,183.969604631808,5.64698311923965,172.675638393329,195.263570870287,TRUE
"N Pacific",151,298330.506410256,184.646507284453,5.15068858826097,174.345130107931,194.947884460975,TRUE
"N Pacific",152,300306.205128205,185.321299783918,4.60118911461582,176.118921554687,194.52367801315,TRUE
"N Pacific",153,302281.903846154,185.994014050466,3.97716446984874,178.039685110768,193.948342990163,TRUE
"N Pacific",154,304257.602564103,186.664681555004,3.23626546679749,180.192150621409,193.137212488599,TRUE
"N Pacific",155,306233.301282051,187.333333333333,2.2654974359903,182.802338461353,191.864328205314,TRUE
"N Pacific",156,308209,188,0,188,188,TRUE
"N Atlantic",1,1964.68421052632,2.46198830409361,3.3038192713345,-4.1456502385754,9.06962684676261,TRUE
"N Atlantic",2,3929.36842105263,4.83887168902664,4.59927687382121,-4.35968205861578,14.0374254366691,TRUE
"N Atlantic",3,5894.05263157895,7.13539975940553,5.54744200795556,-3.95948425650558,18.2302837753166,TRUE
"N Atlantic",4,7858.73684210526,9.35600097819707,6.31109705578086,-3.26619313336464,21.9781950897588,TRUE
"N Atlantic",5,9823.42105263158,11.504806002562,6.95463882840027,-2.4044716542385,25.4140836593626,TRUE
"N Atlantic",6,11788.1052631579,13.58566930753,7.51172629051035,-1.43778327349065,28.6091218885507,TRUE
"N Atlantic",7,13752.7894736842,15.6021892198262,8.00269546103197,-0.403201702237727,31.6075801418902,TRUE
"N Atlantic",8,15717.4736842105,17.5577264758753,8.44099415241168,0.675738171051979,34.4397147806987,TRUE
"N Atlantic",9,17682.1578947368,19.4554214102068,8.83608299616735,1.78325541787212,37.1275874025415,TRUE
"N Atlantic",10,19646.8421052632,21.2982098731962,9.1949246463669,2.90836058046239,39.68805916593,TRUE
"N Atlantic",11,21611.5263157895,23.0888379702831,9.5228222632685,4.0431934437461,42.1344824968201,TRUE
"N Atlantic",12,23576.2105263158,24.8298757083891,9.82392558153942,5.18202454531023,44.4777268714679,TRUE
"N Atlantic",13,25540.8947368421,26.5237296293352,10.1015533715948,6.32062288614555,46.7268363725248,TRUE
"N Atlantic",14,27505.5789473684,28.1726545044474,10.3584080498556,7.45583840473632,48.8894706041585,TRUE
"N Atlantic",15,29470.2631578947,29.7787641593606,10.5967237000946,8.58531675917146,50.9722115595498,TRUE
"N Atlantic",16,31434.9473684211,31.344041493137,10.818371252359,9.70729898841907,52.9807839978549,TRUE
"N Atlantic",17,33399.6315789474,32.8703477512928,11.0249351261154,10.820477499062,54.9202180035236,TRUE
"N Atlantic",18,35364.3157894737,34.3594311080753,11.2177702973775,11.9238905133204,56.7949717028302,TRUE
"N Atlantic",19,37329,35.8129346093773,11.3980455903917,13.0168434285939,58.6090257901607,TRUE
"N Atlantic",20,39293.6842105263,37.232403523988,11.5667770587812,14.0988494064255,60.3659576415505,TRUE
"N Atlantic",21,41258.3684210526,38.619292147433,11.7248540969231,15.1695839535868,62.0690003412791,TRUE
"N Atlantic",22,43223.0526315789,39.9749700994774,11.8730601264048,16.2288498466679,63.7210903522869,TRUE
"N Atlantic",23,45187.7368421053,41.3007281533194,12.0120891719822,17.2765498093549,65.3249064972839,TRUE
"N Atlantic",24,47152.4210526316,42.5977836317902,12.1425592801797,18.3126650714308,66.8829021921496,TRUE
"N Atlantic",25,49117.1052631579,43.8672854032415,12.265023482677,19.3372384378875,68.3973323685956,TRUE
"N Atlantic",26,51081.7894736842,45.110318507419,12.3799788291668,20.3503608490855,69.8702761657526,TRUE
"N Atlantic",27,53046.4736842105,46.3279084393432,12.4878738868341,21.3521606656751,71.3036562130113,TRUE
"N Atlantic",28,55011.1578947368,47.521025117197,12.5891150106604,22.3427950958762,72.6992551385177,TRUE
"N Atlantic",29,56975.8421052632,48.6905865582065,12.6840716200414,23.3224433181237,74.0587297982893,TRUE
"N Atlantic",30,58940.5263157895,49.837462284789,12.7730806658555,24.291300953078,75.3836236164998,TRUE
"N Atlantic",31,60905.2105263158,50.9624764814874,12.8564504332437,25.2495756149999,76.6753773479748,TRUE
"N Atlantic",32,62869.8947368421,52.0664109217185,12.934463795684,26.1974833303506,77.9353385130864,TRUE
"N Atlantic",33,64834.5789473684,53.1500076819205,13.0073810130275,27.1352456558655,79.1647697079755,TRUE
"N Atlantic",34,66799.2631578947,54.2139716592938,13.0754421483302,28.0630873626334,80.3648559559543,TRUE
"N Atlantic",35,68763.947368421,55.2589729081947,13.1388691643297,28.9812345795354,81.536711236854,TRUE
"N Atlantic",36,70728.6315789474,56.2856488089667,13.1978677493335,29.8899133102998,82.6813843076336,TRUE
"N Atlantic",37,72693.3157894737,57.2946060820687,13.2526289134903,30.789348255088,83.7998639090493,TRUE
"N Atlantic",38,74658,58.2864226592526,13.3033303893273,31.6797618805981,84.8930834379071,TRUE
"N Atlantic",39,76622.6842105263,59.2616494227286,13.3501378647467,32.5613736932351,85.961925152222,TRUE
"N Atlantic",40,78587.3684210526,60.220811822345,13.3932060720385,33.4343996782679,87.007223966422,TRUE
"N Atlantic",41,80552.052631579,61.1644113800779,13.4326797526868,34.2990518747044,88.0297708854515,TRUE
"N Atlantic",42,82516.7368421053,62.0929270903719,13.4686945146488,35.1555380610743,89.0303161196695,TRUE
"N Atlantic",43,84481.4210526316,63.0068167242393,13.5013775962284,36.0040615317826,90.0095719166961,TRUE
"N Atlantic",44,86446.1052631579,63.9065180443738,13.5308485485425,36.8448209472888,90.9682151414588,TRUE
"N Atlantic",45,88410.7894736842,64.7924499379976,13.5572198468223,37.678010244353,91.9068896316422,TRUE
"N Atlantic",46,90375.4736842105,65.6650134736149,13.5805974393127,38.5038185949896,92.8262083522403,TRUE
"N Atlantic",47,92340.1578947368,66.524592887391,13.6010812413009,39.3224304047893,93.7267553699927,TRUE
"N Atlantic",48,94304.8421052632,67.3715565043704,13.618765580758,40.1340253428545,94.6090876658863,TRUE
"N Atlantic",49,96269.5263157895,68.2062575994149,13.6337396012054,40.9387783970041,95.4737368018257,TRUE
"N Atlantic",50,98234.2105263158,69.0290352022852,13.6460876266618,41.7368599489616,96.3212104556088,TRUE
"N Atlantic",51,100198.894736842,69.8402148510142,13.6558894929002,42.5284358652138,97.1519938368145,TRUE
"N Atlantic",52,102163.578947368,70.6401092973094,13.6632208486923,43.3136675999248,97.966550994694,TRUE
"N Atlantic",53,104128.263157895,71.4290191675236,13.6681534302624,44.0927123069987,98.7653260280485,TRUE
"N Atlantic",54,106092.947368421,72.2072335823852,13.670755311767,44.8657229588511,99.5487442059193,TRUE
"N Atlantic",55,108057.631578947,72.9750307384476,13.6710911342738,45.6328484699,100.317213006995,TRUE
"N Atlantic",56,110022.315789474,73.7326784540068,13.6692223154207,46.3942338231654,101.071123084848,TRUE
"N Atlantic",57,111987,74.4804346819986,13.6652072416741,47.1500201986504,101.810849165347,TRUE
"N Atlantic",58,113951.684210526,75.2185479921993,13.6591014448843,47.9003451024308,102.536750881968,TRUE
"N Atlantic",59,115916.368421053,75.9472580248665,13.6509577646418,48.6453424955828,103.24917355415,TRUE
"N Atlantic",60,117881.052631579,76.6667959178147,13.6408264977711,49.3851429222725,103.948448913357,TRUE
"N Atlantic",61,119845.736842105,77.3773847087327,13.6287555361445,50.1198736364437,104.634895781022,TRUE
"N Atlantic",62,121810.421052632,78.0792397144289,13.614790493877,50.8496587266749,105.308820702183,TRUE
"N Atlantic",63,123775.105263158,78.772568888574,13.5989748248431,51.5746192388877,105.97051853826,TRUE
"N Atlantic",64,125739.789473684,79.4575731593548,13.581349931359,52.2948732966367,106.620273022073,TRUE
"N Atlantic",65,127704.473684211,80.1344467483951,13.5619552647855,53.0105362188241,107.258357277966,TRUE
"N Atlantic",66,129669.157894737,80.803377472138,13.5408284187272,53.7217206346835,107.885034309592,TRUE
"N Atlantic",67,131633.842105263,81.4645470268626,13.5180052154379,54.4285365959868,108.500557457738,TRUE
"N Atlantic",68,133598.526315789,82.1181312583507,13.4935197859753,55.1310916864001,109.105170830301,TRUE
"N Atlantic",69,135563.210526316,82.7643004171975,13.4674046446001,55.8294911279973,109.699109706398,TRUE
"N Atlantic",70,137527.894736842,83.4032194006765,13.4396907578611,56.5238378849542,110.282600916399,TRUE
"N Atlantic",71,139492.578947368,84.0350479819573,13.4104076087664,57.2142327644244,110.85586319949,TRUE
"N Atlantic",72,141457.263157895,84.6599410275011,13.3795832564027,57.9007745146957,111.419107540306,TRUE
"N Atlantic",73,143421.947368421,85.2780487033199,13.3472443913286,58.5835599206627,111.972537485977,TRUE
"N Atlantic",74,145386.631578947,85.8895166707731,13.313416387037,59.2626838966991,112.516349444847,TRUE
"N Atlantic",75,147351.315789474,86.4944862725452,13.2781233477543,59.9382395770366,113.050732968054,TRUE
"N Atlantic",76,149316,87.0930947093499,13.241388152817,60.610318403716,113.575871014984,TRUE
"N Atlantic",77,151280.684210526,87.6854752079339,13.2032324978449,61.279010212244,114.091940203624,TRUE
"N Atlantic",78,153245.368421053,88.2717571808538,13.1636769329093,61.9444033150352,114.599111046672,TRUE
"N Atlantic",79,155210.052631579,88.8520663785153,13.1227408978721,62.6065845827711,115.097548174259,TRUE
"N Atlantic",80,157174.736842105,89.4265250338977,13.0804427550607,63.2656395237763,115.587410544019,TRUE
"N Atlantic",81,159139.421052632,89.9952520003851,13.0367998194209,63.9216523615433,116.068851639227,TRUE
"N Atlantic",82,161104.105263158,90.5583628830685,12.9918283862799,64.5747061105088,116.542019655628,TRUE
"N Atlantic",83,163068.789473684,91.1159701638959,12.9455437568356,65.2248826502248,117.007057677567,TRUE
"N Atlantic",84,165033.473684211,91.6681833209902,12.8979602614778,65.8722627980345,117.464103843946,TRUE
"N Atlantic",85,166998.157894737,92.2151089424544,12.8490912810324,66.5169263803896,117.913291504519,TRUE
"N Atlantic",86,168962.842105263,92.7568508349535,12.7989492660114,67.1589523029306,118.354749366976,TRUE
"N Atlantic",87,170927.526315789,93.2935101273582,12.7475457539401,67.798418619478,118.788601635238,TRUE
"N Atlantic",88,172892.210526316,93.8251853696992,12.694891384822,68.4354026000551,119.214968139343,TRUE
"N Atlantic",89,174856.894736842,94.3519726276731,12.6409959147959,69.0699807980814,119.633964457265,TRUE
"N Atlantic",90,176821.578947368,94.8739655729527,12.5858682280243,69.7022291169041,120.045702029001,TRUE
"N Atlantic",91,178786.263157895,95.3912555694772,12.5295163468533,70.3322228757706,120.450288263184,TRUE
"N Atlantic",92,180750.947368421,95.9039317559684,12.471947440264,70.9600368754404,120.847826636496,TRUE
"N Atlantic",93,182715.631578947,96.4120811248283,12.4131678306383,71.5857454635516,121.238416786105,TRUE
"N Atlantic",94,184680.315789474,96.9157885976255,12.3531829988441,72.2094225999372,121.622154595314,TRUE
"N Atlantic",95,186645,97.4151370973198,12.2919975876448,72.8311419220303,121.999132272609,TRUE
"N Atlantic",96,188609.684210526,97.9102076174034,12.2296154034223,73.4509768105588,122.369438424248,TRUE
"N Atlantic",97,190574.368421053,98.4010792880962,12.1660394162009,74.0690004556944,122.733158120498,TRUE
"N Atlantic",98,192539.052631579,98.8878294397492,12.1012717579449,74.6852859238594,123.090372955639,TRUE
"N Atlantic",99,194503.736842105,99.370533663586,12.0353137190975,75.2999062253911,123.441161101781,TRUE
"N Atlantic",100,196468.421052632,99.8492658699144,11.9681657433174,75.9129343832796,123.785597356549,TRUE
"N Atlantic",101,198433.105263158,100.324098343928,11.8998274203609,76.524443503206,124.12375318465,TRUE
"N Atlantic",102,200397.789473684,100.795101799211,11.8302974770438,77.1345068451232,124.455696753298,TRUE
"N Atlantic",103,202362.473684211,101.262345429062,11.7595737662095,77.7431978966435,124.781492961481,TRUE
"N Atlantic",104,204327.157894737,101.725896955736,11.6876532536162,78.3505904485031,125.101203462968,TRUE
"N Atlantic",105,206291.842105263,102.185822677693,11.6145320026419,78.9567586724095,125.414886682977,TRUE
"N Atlantic",106,208256.526315789,102.642187514976,11.5402051566922,79.5617772015916,125.72259782836,TRUE
"N Atlantic",107,210221.210526316,103.095055052766,11.4646669191831,80.1657212143994,126.024388891132,TRUE
"N Atlantic",108,212185.894736842,103.544487583231,11.3879105309479,80.768666521335,126.320308645127,TRUE
"N Atlantic",109,214150.578947368,103.990546145735,11.3099282449042,81.3706896559269,126.610402635544,TRUE
"N Atlantic",110,216115.263157895,104.433290565481,11.2307112977937,81.9718679698938,126.894713161069,TRUE
"N Atlantic",111,218079.947368421,104.872779490662,11.1502498787833,82.5722797330954,127.173279248229,TRUE
"N Atlantic",112,220044.631578947,105.309070428191,11.0685330946917,83.1720042388072,127.446136617574,TRUE
"N Atlantic",113,222009.315789474,105.742219778071,10.9855489315765,83.7711219149181,127.713317641224,TRUE
"N Atlantic",114,223974,106.17228286647,10.9012842123834,84.3697144417036,127.974851291237,TRUE
"N Atlantic",115,225938.684210526,106.599313977553,10.8157245503231,84.9678648769072,128.2307630782,TRUE
"N Atlantic",116,227903.368421053,107.023366384131,10.7288542976011,85.5656577889286,128.481074979333,TRUE
"N Atlantic",117,229868.052631579,107.444492377181,10.640656489076,86.163179399029,128.725805355333,TRUE
"N Atlantic",118,231832.736842105,107.862743294289,10.5511127803715,86.7605177335464,128.964968855032,TRUE
"N Atlantic",119,233797.421052632,108.278169547049,10.4602033799067,87.3577627872352,129.198576306862,TRUE
"N Atlantic",120,235762.105263158,108.690820647484,10.367906974237,87.9550066990095,129.426634595958,TRUE
"N Atlantic",121,237726.789473684,109.100745233519,10.2742006460224,88.5523439414738,129.649146525563,TRUE
"N Atlantic",122,239691.473684211,109.507991093547,10.1790597838472,89.149871525853,129.866110661242,TRUE
"N Atlantic",123,241656.157894737,109.912605190136,10.0824579830106,89.747689224115,130.077521156157,TRUE
"N Atlantic",124,243620.842105263,110.3146336829,9.98436693628488,90.3458998103299,130.283367555469,TRUE
"N Atlantic",125,245585.526315789,110.714121950582,9.88475631350143,90.9446093235793,130.483634577585,TRUE
"N Atlantic",126,247550.210526316,111.111114612378,9.78359362865721,91.5439273550634,130.678301869692,TRUE
"N Atlantic",127,249514.894736842,111.505655548527,9.68084409304537,92.1439673624367,130.867343734618,TRUE
"N Atlantic",128,251479.578947368,111.897787920214,9.57647045269175,92.7448470148301,131.050728825597,TRUE
"N Atlantic",129,253444.263157895,112.287554188785,9.47043280811617,93.3466885725527,131.228419805017,TRUE
"N Atlantic",130,255408.947368421,112.674996134344,9.36268841412645,93.9496193060911,131.400372962597,TRUE
"N Atlantic",131,257373.631578947,113.060154873715,9.25319145699127,94.5537719597322,131.566537787697,TRUE
"N Atlantic",132,259338.315789474,113.44307087782,9.14189280590099,95.1592852660182,131.726856489622,TRUE
"N Atlantic",133,261303,113.823783988491,9.02873973510787,95.7663045182756,131.881263458707,TRUE
"N Atlantic",134,263267.684210526,114.202333434732,8.91367561251604,96.3749822097001,132.029684659764,TRUE
"N Atlantic",135,265232.368421053,114.578757848458,8.79663954974536,96.9854787489674,132.172036947949,TRUE
"N Atlantic",136,267197.052631579,114.953095279733,8.67756600778661,97.5979632641593,132.308227295306,TRUE
"N Atlantic",137,269161.736842105,115.325383211516,8.55638435127041,98.2126145089752,132.438151914057,TRUE
"N Atlantic",138,271126.421052632,115.695658573951,8.43301834302606,98.8296218878985,132.561695260003,TRUE
"N Atlantic",139,273091.105263158,116.063957758194,8.30738556895918,99.449186620276,132.678728896113,TRUE
"N Atlantic",140,275055.789473684,116.430316629822,8.17939678123735,100.071523067347,132.789110192297,TRUE
"N Atlantic",141,277020.47368421,116.794770541811,8.04895514523756,100.696860251336,132.892680832286,TRUE
"N Atlantic",142,278985.157894737,117.157354347121,7.91595537253355,101.325443602054,132.989265092188,TRUE
"N Atlantic",143,280949.842105263,117.518102410893,7.78028271820198,101.957536974489,133.078667847297,TRUE
"N Atlantic",144,282914.52631579,117.877048622267,7.6418118156387,102.593424990989,133.160672253544,TRUE
"N Atlantic",145,284879.210526316,118.23422640584,7.50040531557381,103.233415774692,133.235037036988,TRUE
"N Atlantic",146,286843.894736842,118.589668732782,7.35591228756588,103.87784415765,133.301493307914,TRUE
"N Atlantic",147,288808.578947368,118.943408131605,7.2081663313095,104.527075468986,133.359740794224,TRUE
"N Atlantic",148,290773.263157895,119.295476698614,7.0569833306795,105.181510037255,133.409443359973,TRUE
"N Atlantic",149,292737.947368421,119.645906108039,6.90215876427542,105.841588579488,133.450223636589,TRUE
"N Atlantic",150,294702.631578947,119.994727621864,6.74346446045462,106.507798700955,133.481656542773,TRUE
"N Atlantic",151,296667.315789474,120.341972099364,6.58064464974581,107.180682799872,133.503261398855,TRUE
"N Atlantic",152,298632,120.687670006349,6.41341111908774,107.860847768173,133.514492244524,TRUE
"N Atlantic",153,300596.684210526,121.03185142414,6.24143720448413,108.548977015171,133.514725833108,TRUE
"N Atlantic",154,302561.368421053,121.374546058274,6.06435026208003,109.245845534113,133.503246582434,TRUE
"N Atlantic",155,304526.052631579,121.715783246948,5.88172211772505,109.952339011498,133.479227482398,TRUE
"N Atlantic",156,306490.736842105,122.055591969217,5.69305678830945,110.669478392598,133.441705545836,TRUE
"N Atlantic",157,308455.421052632,122.394000852941,5.49777445586075,111.398451941219,133.389549764662,TRUE
"N Atlantic",158,310420.105263158,122.731038182502,5.29519019200297,112.140657798496,133.321418566508,TRUE
"N Atlantic",159,312384.789473684,123.06673190629,5.08448516116366,112.897761583963,133.235702228617,TRUE
"N Atlantic",160,314349.473684211,123.401109643966,4.86466676762503,113.671776108716,133.130443179216,TRUE
"N Atlantic",161,316314.157894737,123.734198693512,4.63451206014161,114.465174573228,133.003222813795,TRUE
"N Atlantic",162,318278.842105263,124.066026038066,4.39248488569565,115.281056266674,132.850995809457,TRUE
"N Atlantic",163,320243.52631579,124.396618352563,4.13661014536053,116.123398061842,132.669838643284,TRUE
"N Atlantic",164,322208.210526316,124.726002010174,3.864274373963,116.997453262248,132.4545507581,TRUE
"N Atlantic",165,324172.894736842,125.054203088553,3.57189162018486,117.910419848183,132.197986328923,TRUE
"N Atlantic",166,326137.578947368,125.381247375905,3.25430299094812,118.872641394008,131.889853357801,TRUE
"N Atlantic",167,328102.263157895,125.707160376867,2.9035881653692,119.899984046129,131.514336707606,TRUE
"N Atlantic",168,330066.947368421,126.031967318226,2.50642526581571,121.019116786595,131.044817849857,TRUE
"N Atlantic",169,332031.631578947,126.355693154455,2.03600121291738,122.28369072862,130.42769558029,TRUE
"N Atlantic",170,333996.315789474,126.678362573099,1.42104059870245,123.836281375695,129.520443770504,TRUE
"N Atlantic",171,335961,127,0,127,127,TRUE
"Mediterranean",1,2002.48888888889,1.95555555555555,3.36620825628649,-4.77686095701743,8.68797206812854,TRUE
"Mediterranean",2,4004.97777777778,3.82929292929281,4.60281267060778,-5.37633241192275,13.0349182705084,TRUE
"Mediterranean",3,6007.46666666667,5.62473572938684,5.45121761068913,-5.27769949199142,16.5271709507651,TRUE
"Mediterranean",4,8009.95555555556,7.34530017785827,6.08754552849533,-4.82979087913238,19.5203912348489,TRUE
"Mediterranean",5,10012.4444444444,8.99429674755814,6.58306321246265,-4.17182967736716,22.1604231724834,TRUE
"Mediterranean",6,12014.9333333333,10.5749317991518,6.97584477275606,-3.37675774636034,24.5266213446639,TRUE
"Mediterranean",7,14017.4222222222,12.0903092181026,7.28938271736867,-2.4884562166347,26.66907465284,TRUE
"Mediterranean",8,16019.9111111111,13.5434320516564,7.53952101223627,-1.53560997281613,28.622474076129,TRUE
"Mediterranean",9,18022.4,14.9372041458258,7.73760598596425,-0.538007826102687,30.4124161177543,TRUE
"Mediterranean",10,20024.8888888889,16.2744317823726,7.89211706828417,0.490197645804283,32.058665918941,TRUE
"Mediterranean",11,22027.3777777778,17.5578253157945,8.00959278738989,1.53863974101475,33.5770108905743,TRUE
"Mediterranean",12,24029.8666666667,18.7900008103071,8.09519467615989,2.5996114579873,34.9803901626269,TRUE
"Mediterranean",13,26032.3555555556,19.9734816768281,8.15307000518672,3.66734166645469,36.2796216872016,TRUE
"Mediterranean",14,28034.8444444444,21.1107003099629,8.18659561552409,4.73750907891467,37.483891541011,TRUE
"Mediterranean",15,30037.3333333333,22.2039997249867,8.19854784295324,5.80690403908024,38.6010954108932,TRUE
"Mediterranean",16,32039.8222222222,23.2556351948297,8.1912245207701,6.87318615328951,39.6380842363699,TRUE
"Mediterranean",17,34042.3111111111,24.2677758870613,8.166534765572,7.93470635591729,40.6008454182053,TRUE
"Mediterranean",18,36044.8,25.2425065008728,8.12606640232229,8.9903736962282,41.4946393055174,TRUE
"Mediterranean",19,38047.2888888889,26.1818289040637,8.07113741335336,10.039554077357,42.3241037307704,TRUE
"Mediterranean",20,40049.7777777778,27.0876637700234,8.00283565612197,11.0819924577794,43.0933350822673,TRUE
"Mediterranean",21,42052.2666666667,27.9618522147167,7.92204972957198,12.1177527555727,43.8059516738606,TRUE
"Mediterranean",22,44054.7555555556,28.8061574336673,7.82949296904792,13.1471714955715,44.4651433717632,TRUE
"Mediterranean",23,46057.2444444444,29.6222663389424,7.72572193548929,14.1708224679638,45.073710209921,TRUE
"Mediterranean",24,48059.7333333333,30.411791196136,7.61115032807835,15.1894905399793,45.6340918522927,TRUE
"Mediterranean",25,50062.2222222222,31.1762712613535,7.48605892245795,16.2041534164376,46.1483891062694,TRUE
"Mediterranean",26,52064.7111111111,31.9171744181954,7.35060187324579,17.2159706717038,46.6183781646869,TRUE
"Mediterranean",27,54067.2,32.6358988147417,7.20480948580622,18.2262798431293,47.0455177863541,TRUE
"Mediterranean",28,56069.6888888889,33.3337745005357,7.0485873287003,19.2365998431351,47.4309491579363,TRUE
"Mediterranean",29,58072.1777777778,34.0120650635682,6.8817112941579,20.2486424752524,47.775487651884,TRUE
"Mediterranean",30,60074.6666666667,34.6719692672614,6.7038178804721,21.2643335063172,48.0796050282056,TRUE
"Mediterranean",31,62077.1555555556,35.3146226874531,6.51438851089445,22.2858456656642,48.343399709242,TRUE
"Mediterranean",32,64079.6444444444,35.9410993493806,6.31272602801479,23.315647293351,48.5665514054102,TRUE
"Mediterranean",33,66082.1333333333,36.5524133646652,6.09792045656217,24.3565724515409,48.7482542777895,TRUE
"Mediterranean",34,68084.6222222222,37.1495205682954,5.86879943431959,25.4119216996562,48.8871194369345,TRUE
"Mediterranean",35,70087.1111111111,37.7333201556117,5.62385584918174,26.4856084572482,48.9810318539752,TRUE
"Mediterranean",36,72089.6,38.3046563192904,5.36114015692183,27.5823760054468,49.0269366331341,TRUE
"Mediterranean",37,74092.0888888889,38.8643198863278,5.07809541642994,28.7081290534679,49.0205107191877,TRUE
"Mediterranean",38,76094.5777777778,39.4130499550239,4.77129436758547,29.8704612198529,48.9556386901948,TRUE
"Mediterranean",39,78097.0666666667,39.9515355319666,4.43599781960848,31.0795398927496,48.8235311711836,TRUE
"Mediterranean",40,80099.5555555555,40.4804171690161,4.06535843410124,32.3497003008137,48.6111340372186,TRUE
"Mediterranean",41,82102.0444444444,41.0002886002886,3.64874859851431,33.70279140326,48.2977857973172,TRUE
"Mediterranean",42,84104.5333333333,41.5116983791402,3.16807104319867,35.1755562927429,47.8478404655376,TRUE
"Mediterranean",43,86107.0222222222,42.0151515151515,2.59082507100866,36.8335013731342,47.1968016571688,TRUE
"Mediterranean",44,88109.5111111111,42.5111111111111,1.82113788875981,38.8688353335915,46.1533868886307,TRUE
"Mediterranean",45,90112,43,0,43,43,TRUE
"Indian",1,2014.23684210526,4.21052631578947,6.7635162714797,-9.31650622716992,17.7375588587489,TRUE
"Indian",2,4028.47368421053,8.31721194879098,9.35555916961222,-10.3939063904335,27.0283302880154,TRUE
"Indian",3,6042.71052631579,12.3219535324799,11.2042099174893,-10.0864663024986,34.7303733674585,TRUE
"Indian",4,8056.94736842105,16.2266477003321,12.6470991707713,-9.06755064121052,41.5208460418747,TRUE
"Indian",5,10071.1842105263,20.0331910858227,13.8181718468878,-7.60315260795304,47.6695347795984,TRUE
"Indian",6,12085.4210526316,23.7434803224275,14.7876458917267,-5.83181146102599,53.318772105881,TRUE
"Indian",7,14099.6578947368,27.3594120436225,15.5980781901644,-3.83674433670638,58.5555684239513,TRUE
"Indian",8,16113.8947368421,30.882882882883,16.2776939637042,-1.67250504452543,63.4382708102915,TRUE
"Indian",9,18128.1315789474,34.3157894736844,16.8463935656178,0.623002342448792,68.00857660492,TRUE
"Indian",10,20142.3684210526,37.6600284495022,17.3188324969282,3.02236345564585,72.2976934433585,TRUE
"Indian",11,22156.6052631579,40.9174964438122,17.7061521718457,5.50519210012083,76.3298007875036,TRUE
"Indian",12,24170.8421052632,44.0900900900902,18.0170212743254,8.05604754143944,80.1241326387409,TRUE
"Indian",13,26185.0789473684,47.1797060218112,18.2582960821639,10.6631138574835,83.6962981861389,TRUE
"Indian",14,28199.3157894737,50.1882408724513,18.4354565810605,13.3173277103302,87.0591540345723,TRUE
"Indian",15,30213.5526315789,53.1175912754858,18.5529035878767,16.0117840997325,90.2233984512392,TRUE
"Indian",16,32227.7894736842,55.9696538643907,18.6141656998679,18.7413224646549,93.1979852641264,TRUE
"Indian",17,34242.0263157895,58.7463252726411,18.6220452133576,21.5022348459259,95.9904156993564,TRUE
"Indian",18,36256.2631578947,61.4495021337125,18.5787209372987,24.2920602591151,98.60694400831,TRUE
"Indian",19,38270.5,64.081081081081,18.4858190951241,27.1094428908328,101.052719271329,TRUE
"Indian",20,40284.7368421053,66.6429587482218,18.3444592377211,29.9540402727795,103.331877223664,TRUE
"Indian",21,42298.9736842105,69.1370317686108,18.155279182723,32.8264734031648,105.447590134057,TRUE
"Indian",22,44313.2105263158,71.565196775723,17.9184408059992,35.7283151637246,107.402078387721,TRUE
"Indian",23,46327.4473684211,73.9293504030345,17.6336166120222,38.66211717899,109.196583627079,TRUE
"Indian",24,48341.6842105263,76.2313892840208,17.2999550514285,41.6314791811639,110.831299386878,TRUE
"Indian",25,50355.9210526316,78.4732100521575,16.9160201619594,44.6411697282388,112.305250376076,TRUE
"Indian",26,52370.1578947368,80.6567093409198,16.4796977652944,47.6973138103311,113.616104871509,TRUE
"Indian",27,54384.3947368421,82.7837837837838,15.9880553082471,50.8076731672895,114.759894400278,TRUE
"Indian",28,56398.6315789474,84.8563300142248,15.4371339495006,53.9820621152237,115.730597913226,TRUE
"Indian",29,58412.8684210526,86.8762446657184,14.8216366466122,57.232971372494,116.519517958943,TRUE
"Indian",30,60427.1052631579,88.8454243717402,14.1344484982814,60.5765273751774,117.114321368303,TRUE
"Indian",31,62441.3421052632,90.7657657657657,13.3658713478191,64.0340230701275,117.497508461404,TRUE
"Indian",32,64455.5789473684,92.6391654812707,12.5023393517768,67.6344867777171,117.643844184824,TRUE
"Indian",33,66469.8157894737,94.4675201517307,11.5241133200007,71.4192935117293,117.515746791732,TRUE
"Indian",34,68484.052631579,96.2527264106212,10.4007436282768,75.4512391540676,117.054213667175,TRUE
"Indian",35,70498.2894736842,97.9966808914177,9.08088004831784,79.8349207947821,116.158440988053,TRUE
"Indian",36,72512.5263157895,99.701280227596,7.4623065504837,84.7766671266286,114.625893328563,TRUE
"Indian",37,74526.7631578947,101.368421052632,5.27866137652131,90.811098299589,111.925743805674,TRUE
"Indian",38,76541,103,0,103,103,TRUE
