"prey_class","prey_order","prey_family","prey_sp","measure","l_adult","l_juve","l_larva","larva_adult","juve_adult","larva_adult_u","juve_adult_u","larva_adult_use","juve_adult_use"
"Actinopterygii","Argentiniformes","Bathylagidae","Bathylagoides wesethi","l_max",15.7127376077956,NA,2.5,15.9106583614027,NA,18.3359303556639,42.1173584659917,15.9106583614027,42.1173584659917
"Actinopterygii","Argentiniformes","Bathylagidae","Leuroglossus stilbius","l_max",15,NA,3.11418035248877,20.7612023499251,NA,18.3359303556639,42.1173584659917,20.7612023499251,42.1173584659917
"Actinopterygii","Ateleopodiformes","Ateleopodidae","Ateleopus natalensis","l_max",60,25.8,NA,NA,43,9.15408758669817,43,9.15408758669817,43
"Actinopterygii","Atheriniformes","Atherinidae","Atherinopsis californiensis","l_max",45,16,2.36274848635629,5.25055219190287,35.5555555555556,5.25055219190287,35.5555555555556,5.25055219190287,35.5555555555556
"Actinopterygii","Aulopiformes","Alepisauridae","Alepisaurus ferox","l_max",215,NA,NA,NA,NA,10.4054536978785,40.2230160108363,10.4054536978785,40.2230160108363
"Actinopterygii","Aulopiformes","Anotopteridae","Anotopterus nikparini","l_max",146,43,NA,NA,29.4520547945205,5.20833333333335,54.2572773972605,5.20833333333335,29.4520547945205
"Actinopterygii","Aulopiformes","Anotopteridae","Anotopterus pharao","l_max",103.466278573886,81.803026497479,5.38886867572325,5.20833333333335,79.0625000000004,5.20833333333335,54.2572773972605,5.20833333333335,79.0625000000004
"Actinopterygii","Aulopiformes","Chlorothalmidae","Chlorophthalmus agassizi","l_max",40,11.5,3,7.5,28.75,7.5,28.75,7.5,28.75
"Actinopterygii","Aulopiformes","Notosudidae","Scopelosaurus hoedti","l_max",15.7987346714369,NA,NA,NA,NA,10.4054536978785,40.2230160108363,10.4054536978785,40.2230160108363
"Actinopterygii","Aulopiformes","Omosudidae","Omosudis lowii","l_max",26.635115813539,NA,2,7.50888418883229,NA,7.50888418883229,40.2230160108363,7.50888418883229,40.2230160108363
"Actinopterygii","Aulopiformes","Paralepididae","Arctozenus risso","l_max",32.7477223252604,NA,1.52822704184549,4.66666666666668,NA,10.9322069467605,36.0741393203333,4.66666666666668,36.0741393203333
"Actinopterygii","Aulopiformes","Paralepididae","Lestidiops ringens","l_max",21,NA,4.00053647638855,19.0501736970883,NA,10.9322069467605,36.0741393203333,19.0501736970883,36.0741393203333
"Actinopterygii","Aulopiformes","Paralepididae","Lestidiops similis","l_max",20,NA,NA,NA,NA,10.9322069467605,36.0741393203333,10.9322069467605,36.0741393203333
"Actinopterygii","Aulopiformes","Paralepididae","Lestidiops sphyrenoides","l_max",29.0333441681739,18.6028464484966,5.41955757805913,18.6666666666667,64.074074074074,10.9322069467605,36.0741393203333,18.6666666666667,64.074074074074
"Actinopterygii","Aulopiformes","Paralepididae","Lestrolepis intermedia","l_max",36.0761118547275,NA,4,11.0876693589025,NA,10.9322069467605,36.0741393203333,11.0876693589025,36.0741393203333
"Actinopterygii","Aulopiformes","Paralepididae","Macroparalepis affinis","l_max",55,NA,NA,NA,NA,10.9322069467605,36.0741393203333,10.9322069467605,36.0741393203333
"Actinopterygii","Aulopiformes","Paralepididae","Magnisudis atlantica","l_max",63.5833173002259,11.0135388895034,3.97395733126412,6.25,17.3214285714285,10.9322069467605,36.0741393203333,6.25,17.3214285714285
"Actinopterygii","Aulopiformes","Paralepididae","Paralepis coregonoides","l_max",56.1982852085063,12.87,3.3,5.87206529123865,22.9010546358307,10.9322069467605,36.0741393203333,5.87206529123865,22.9010546358307
"Actinopterygii","Aulopiformes","Paralepididae","Paralepis speciosa","l_max",NA,NA,NA,NA,NA,10.9322069467605,36.0741393203333,10.9322069467605,36.0741393203333
"Actinopterygii","Aulopiformes","Paralepididae","Sudis hyalina","l_max",100,40,NA,NA,40,10.9322069467605,36.0741393203333,10.9322069467605,40
"Actinopterygii","Aulopiformes","Scopelarchidae","Scopelarchus analis","l_max",14.0319507043528,NA,2.56,18.2440777760563,NA,18.2440777760563,40.2230160108363,18.2440777760563,40.2230160108363
"Actinopterygii","Beloniformes","Belonidae","Belone belone","l_max",103.5,28.5,2.23,2.15458937198068,27.536231884058,5.21105964980475,27.536231884058,2.15458937198068,27.536231884058
"Actinopterygii","Beloniformes","Belonidae","Strongylura exilis","l_max",91,NA,7.52345223414224,8.26752992762883,NA,5.21105964980475,27.536231884058,8.26752992762883,27.536231884058
"Actinopterygii","Beloniformes","Scomberesocidae","Cololabis saira","l_max",44.7516792857244,25.3965779946486,4.47516792857244,10,56.75,7.5,38.375,10,56.75
"Actinopterygii","Beloniformes","Scomberesocidae","Scomberesox saurus","l_max",55.7063187335586,11.1412637467117,2.78531593667793,5,20,7.5,38.375,5,20
"Actinopterygii","Beryciformes","Berycidae","Beryx splendens","l_max",70,33.2,1.90615071157445,2.72307244510636,47.4285714285714,2.72307244510636,47.4285714285714,2.72307244510636,47.4285714285714
"Actinopterygii","Beryciformes","Diretmidae","Diretmus argenteus","l_max",27.6,NA,2.00412035591945,7.26130563738931,NA,7.26130563738931,47.4285714285714,7.26130563738931,47.4285714285714
"Actinopterygii","Clupeiformes","Clupeidae","Clupea pallasii","l_max",46,21.4,3.15104701063738,6.85010219703778,46.5217391304348,6.86099776355224,40.2357282233451,6.85010219703778,46.5217391304348
"Actinopterygii","Clupeiformes","Clupeidae","Sardina pilchardus","l_max",27.5,14.2,2.48,9.01818181818182,51.6363636363636,6.86099776355224,40.2357282233451,9.01818181818182,51.6363636363636
"Actinopterygii","Clupeiformes","Clupeidae","Sardinella aurita","l_max",36,14.4,1.96168491378301,5.44912476050836,40,6.86099776355224,40.2357282233451,5.44912476050836,40
"Actinopterygii","Clupeiformes","Clupeidae","Sardinops sagax","l_max",47.309269313544,10.7793271853644,2.89844130984244,6.12658227848101,22.7848101265822,6.86099776355224,40.2357282233451,6.12658227848101,22.7848101265822
"Actinopterygii","Clupeiformes","Engraulidae","Engraulis capensis","l_max",15.3617088191079,9.5,NA,NA,61.8420783251879,12.2660925374482,48.3115500472468,12.2660925374482,61.8420783251879
"Actinopterygii","Clupeiformes","Engraulidae","Engraulis encrasicolus","l_max",23.5535435247491,11.4234686095033,1.76651576435618,7.49999999999999,48.4999999999999,12.2660925374482,48.3115500472468,7.49999999999999,48.4999999999999
"Actinopterygii","Clupeiformes","Engraulidae","Engraulis japonicus","l_max",18,7.955,2.37046416377041,13.1692453542801,44.1944444444444,12.2660925374482,48.3115500472468,13.1692453542801,44.1944444444444
"Actinopterygii","Clupeiformes","Engraulidae","Engraulis mordax","l_max",29.1319362246502,11.2768785385743,4.69869939107262,16.1290322580645,38.7096774193549,12.2660925374482,48.3115500472468,16.1290322580645,38.7096774193549
"Actinopterygii","Gadiformes","Bregmacerotidae","Bregmaceros mcclellandi","l_max",10.5335310014569,NA,NA,NA,NA,4.54964248169341,34.4913628905432,4.54964248169341,34.4913628905432
"Actinopterygii","Gadiformes","Gadidae","Microgadus proximus","l_max",36.8008926583896,5.62269376354411,3.37844260470462,9.18032786885246,15.2786885245901,5.26583961010191,21.1528577758086,9.18032786885246,15.2786885245901
"Actinopterygii","Gadiformes","Gadidae","Micromesistius poutassou","l_max",55.5,15,0.75,1.35135135135135,27.027027027027,5.26583961010191,21.1528577758086,1.35135135135135,27.027027027027
"Actinopterygii","Gadiformes","Lotidae","Gaidropsarus vulgaris","l_max",65,27,2,3.07692307692308,41.5384615384615,3.07692307692308,41.5384615384615,3.07692307692308,41.5384615384615
"Actinopterygii","Gadiformes","Merlucciidae","Merluccius productus","l_max",91,34,4.17687054297855,4.58996762964676,37.3626373626374,4.58996762964676,37.3626373626374,4.58996762964676,37.3626373626374
"Actinopterygii","Gadiformes","Moridae","Antimora rostrata","l_max",80,41,NA,NA,51.25,4.54964248169341,51.25,4.54964248169341,51.25
"Actinopterygii","Lampriformes","Trachipteridae","Desmodema polystictum","l_max",110,NA,2.75,2.5,NA,2.32579518206717,60,2.5,60
"Actinopterygii","Lampriformes","Trachipteridae","Trachipterus trachypterus","l_max",300,180,6.45477109240301,2.15159036413434,60,2.32579518206717,60,2.15159036413434,60
"Actinopterygii","Lophiiformes","Ceratiidae","Ceratias tentaculatus","l_max",88,NA,NA,NA,NA,9.15408758669817,42.1173584659917,9.15408758669817,42.1173584659917
"Actinopterygii","Myctophiformes","Myctophidae","Benthosema glaciale","l_max",13.392827940037,6.17630414710442,1.65134868775213,12.3300970873786,46.1165048543688,17.3397107607587,55.0321262222587,12.3300970873786,46.1165048543688
"Actinopterygii","Myctophiformes","Myctophidae","Ceratoscopelus maderensis","l_max",10.5322651117163,4.55097875197619,2.34050335815918,22.2222222222222,43.20987654321,17.3397107607587,55.0321262222587,22.2222222222222,43.20987654321
"Actinopterygii","Myctophiformes","Myctophidae","Ceratoscopelus townsendi","l_max",18.4,NA,1.87890584802416,10.2114448262183,NA,17.3397107607587,55.0321262222587,10.2114448262183,55.0321262222587
"Actinopterygii","Myctophiformes","Myctophidae","Ceratoscopelus warmingii","l_max",10.7234943571089,4.63360867282483,2.3829987460242,22.2222222222222,43.2098765432099,17.3397107607587,55.0321262222587,22.2222222222222,43.2098765432099
"Actinopterygii","Myctophiformes","Myctophidae","Diaphus effulgens","l_max",6.05651485090635,NA,NA,NA,NA,17.3397107607587,55.0321262222587,17.3397107607587,55.0321262222587
"Actinopterygii","Myctophiformes","Myctophidae","Diaphus lucidus","l_max",14.8054573546932,9,NA,NA,60.7883956867234,17.3397107607587,55.0321262222587,17.3397107607587,60.7883956867234
"Actinopterygii","Myctophiformes","Myctophidae","Diaphus luetkeni","l_max",10.3319749837103,4.81376107195593,NA,NA,46.590909090909,17.3397107607587,55.0321262222587,17.3397107607587,46.590909090909
"Actinopterygii","Myctophiformes","Myctophidae","Diaphus ostenfeldi","l_max",15.1991531126716,NA,NA,NA,NA,17.3397107607587,55.0321262222587,17.3397107607587,55.0321262222587
"Actinopterygii","Myctophiformes","Myctophidae","Diaphus perspicillatus","l_max",8.75602566659639,5,NA,NA,57.1035329313234,17.3397107607587,55.0321262222587,17.3397107607587,57.1035329313234
"Actinopterygii","Myctophiformes","Myctophidae","Diaphus theta","l_max",11.4,5.5,1.37,12.0175438596491,48.2456140350877,17.3397107607587,55.0321262222587,12.0175438596491,48.2456140350877
"Actinopterygii","Myctophiformes","Myctophidae","Electrona risso","l_max",9.87679171420191,6.98602340760623,1.20448679441487,12.1951219512195,70.7317073170732,17.3397107607587,55.0321262222587,12.1951219512195,70.7317073170732
"Actinopterygii","Myctophiformes","Myctophidae","Hygophum hygomii","l_max",8.30730748030719,5.8,1.20944623610355,14.5588235294118,69.8180489135516,17.3397107607587,55.0321262222587,14.5588235294118,69.8180489135516
"Actinopterygii","Myctophiformes","Myctophidae","Lampadena luminosa","l_max",23.646008112028,15,0.65,2.74887836001953,63.4356544619891,17.3397107607587,55.0321262222587,2.74887836001953,63.4356544619891
"Actinopterygii","Myctophiformes","Myctophidae","Lampanyctodes hectoris","l_max",8.67830631766314,NA,1.78525158534785,20.5714285714286,NA,17.3397107607587,55.0321262222587,20.5714285714286,55.0321262222587
"Actinopterygii","Myctophiformes","Myctophidae","Lampanyctus alatus","l_max",7.6399870245504,4.508844801374,1.81606248944231,23.7704918032787,59.0163934426229,17.3397107607587,55.0321262222587,23.7704918032787,59.0163934426229
"Actinopterygii","Myctophiformes","Myctophidae","Lampanyctus crocodilus","l_max",36.5623221580871,12.1874407193624,2.4,6.56413449239616,33.3333333333334,17.3397107607587,55.0321262222587,6.56413449239616,33.3333333333334
"Actinopterygii","Myctophiformes","Myctophidae","Lampanyctus intricarius","l_max",23.5757965890106,20.039427100659,2.40473125207908,10.2,85,17.3397107607587,55.0321262222587,10.2,85
"Actinopterygii","Myctophiformes","Myctophidae","Lampanyctus mexicanus","l_max",NA,NA,NA,NA,NA,17.3397107607587,55.0321262222587,17.3397107607587,55.0321262222587
"Actinopterygii","Myctophiformes","Myctophidae","Lobianchia gemellarii","l_max",11.6327508512957,5.29296044801118,NA,NA,45.5005055611728,17.3397107607587,55.0321262222587,17.3397107607587,45.5005055611728
"Actinopterygii","Myctophiformes","Myctophidae","Myctophum asperum","l_max",8.5,7,1.54,18.1176470588235,82.3529411764706,17.3397107607587,55.0321262222587,18.1176470588235,82.3529411764706
"Actinopterygii","Myctophiformes","Myctophidae","Myctophum punctatum","l_max",13.094418579494,2.38080337808982,NA,NA,18.1818181818182,17.3397107607587,55.0321262222587,17.3397107607587,18.1818181818182
"Actinopterygii","Myctophiformes","Myctophidae","Nannobrachium regale","l_max",21,NA,2.28311847472327,10.8719927367775,NA,17.3397107607587,55.0321262222587,10.8719927367775,55.0321262222587
"Actinopterygii","Myctophiformes","Myctophidae","Nannobrachium ritteri","l_max",14.3728152487703,NA,2.03614882690913,14.1666666666667,NA,17.3397107607587,55.0321262222587,14.1666666666667,55.0321262222587
"Actinopterygii","Myctophiformes","Myctophidae","Notoscopelus kroyeri","l_max",17.2812688201792,11.3597151685094,NA,NA,65.7342657342657,17.3397107607587,55.0321262222587,17.3397107607587,65.7342657342657
"Actinopterygii","Myctophiformes","Myctophidae","Protomyctophum crockeri","l_max",4.55149002704557,NA,1.84519865961307,40.5405405405406,NA,17.3397107607587,55.0321262222587,40.5405405405406,55.0321262222587
"Actinopterygii","Myctophiformes","Myctophidae","Stenobrachius leucopsarus","l_max",13,6.5,2.3033876145252,17.7183662655785,50,17.3397107607587,55.0321262222587,17.7183662655785,50
"Actinopterygii","Myctophiformes","Myctophidae","Symbolophorus barnardi","l_max",13.9839152931526,9.5,NA,NA,67.935194120146,17.3397107607587,55.0321262222587,17.3397107607587,67.935194120146
"Actinopterygii","Myctophiformes","Myctophidae","Symbolophorus evermanni","l_max",9.50588222242958,NA,2.5071764361658,26.375,NA,17.3397107607587,55.0321262222587,26.375,55.0321262222587
"Actinopterygii","Myctophiformes","Myctophidae","Tarletonbeania crenularis","l_max",12.7,5,2.64507730737492,20.8273803730309,39.3700787401575,17.3397107607587,55.0321262222587,20.8273803730309,39.3700787401575
"Actinopterygii","Myctophiformes","Myctophidae","Triphoturus mexicanus","l_max",7.5,4.5,2.14231594862342,28.5642126483123,60,17.3397107607587,55.0321262222587,28.5642126483123,60
"Actinopterygii","Ophidiiformes","Aphyonidae","Barathronus parfaiti","l_max",10,NA,NA,NA,NA,17.3267326732673,42.1173584659917,17.3267326732673,42.1173584659917
"Actinopterygii","Ophidiiformes","Ophdiidae","Chilara taylori","l_max",40.4,NA,7,17.3267326732673,NA,17.3267326732673,42.1173584659917,17.3267326732673,42.1173584659917
"Actinopterygii","Osmeriformes","Microstomatidae","Nansenia macrolepis","l_max",20,NA,NA,NA,NA,12.7168836124561,47.0588235294118,12.7168836124561,47.0588235294118
"Actinopterygii","Osmeriformes","Opisthoproctidae","Monacoa grimaldii","l_max",9.92921468707971,NA,NA,NA,NA,12.7168836124561,47.0588235294118,12.7168836124561,47.0588235294118
"Actinopterygii","Osmeriformes","Osmeridae","Thaleichthys pacificus","l_max",34,16,4.32374042823507,12.7168836124561,47.0588235294118,12.7168836124561,47.0588235294118,12.7168836124561,47.0588235294118
"Actinopterygii","Perciformes","Ammodytidae","Ammodytes tobianus","l_max",10.4557309147228,3.3981125472849,1.20240905519312,11.5,32.4999999999999,11.5,32.4999999999999,11.5,32.4999999999999
"Actinopterygii","Perciformes","Anarhichadidae","Anarrhichthys ocellatus","l_max",240,50,8.2,3.41666666666667,20.8333333333333,3.41666666666667,20.8333333333333,3.41666666666667,20.8333333333333
"Actinopterygii","Perciformes","Blenniidae","Blennius ocellaris","l_max",20,9.73,NA,NA,48.65,4.87857020853057,48.65,4.87857020853057,48.65
"Actinopterygii","Perciformes","Bramidae","Brama brama","l_max",100,NA,1.32037692000532,1.32037692000532,NA,1.85265311252924,31.5362637362637,1.32037692000532,31.5362637362637
"Actinopterygii","Perciformes","Bramidae","Brama orcini","l_max",42,NA,NA,NA,NA,1.85265311252924,31.5362637362637,1.85265311252924,31.5362637362637
"Actinopterygii","Perciformes","Bramidae","Pterycombus petersii","l_max",45.937961469899,12.6203190851371,1.11058807949206,2.41758241758241,27.4725274725275,1.85265311252924,31.5362637362637,2.41758241758241,27.4725274725275
"Actinopterygii","Perciformes","Bramidae","Taractes asper","l_max",68.4922046065368,24.3832248399271,1.24655812383897,1.82,35.6,1.85265311252924,31.5362637362637,1.82,35.6
"Actinopterygii","Perciformes","Caproidae","Antigonia capros","l_max",30.5,12,NA,NA,39.344262295082,4.87857020853057,33.3387978142077,4.87857020853057,39.344262295082
"Actinopterygii","Perciformes","Caproidae","Capros aper","l_max",30,8.2,NA,NA,27.3333333333333,4.87857020853057,33.3387978142077,4.87857020853057,27.3333333333333
"Actinopterygii","Perciformes","Carangidae","Decapterus macarellus","l_max",46,28.4836847673485,1.5,3.26086956521739,61.921053842062,2.83716522622231,39.0625189036153,3.26086956521739,61.921053842062
"Actinopterygii","Perciformes","Carangidae","Decapterus macrosoma","l_max",35,17.6,NA,NA,50.2857142857143,2.83716522622231,39.0625189036153,2.83716522622231,50.2857142857143
"Actinopterygii","Perciformes","Carangidae","Selene setapinnis","l_max",60,20.5,0.95,1.58333333333333,34.1666666666667,2.83716522622231,39.0625189036153,1.58333333333333,34.1666666666667
"Actinopterygii","Perciformes","Carangidae","Trachinotus ovatus","l_max",70,19.5,1.9,2.71428571428571,27.8571428571429,2.83716522622231,39.0625189036153,2.71428571428571,27.8571428571429
"Actinopterygii","Perciformes","Carangidae","Trachurus japonicus","l_max",50,17.1,1.32617249687705,2.6523449937541,34.2,2.83716522622231,39.0625189036153,2.6523449937541,34.2
"Actinopterygii","Perciformes","Carangidae","Trachurus symmetricus","l_max",81,25,1.99619279596024,2.4644355505682,30.8641975308642,2.83716522622231,39.0625189036153,2.4644355505682,30.8641975308642
"Actinopterygii","Perciformes","Carangidae","Trachurus trachurus","l_max",70,23.9,3.0434055401226,4.34772220017514,34.1428571428571,2.83716522622231,39.0625189036153,4.34772220017514,34.1428571428571
"Actinopterygii","Perciformes","Centrolophidae","Centrolophus niger","l_max",187.826915701525,56.8489464856616,NA,NA,30.2666666666667,4.23913043478261,30.2666666666667,4.23913043478261,30.2666666666667
"Actinopterygii","Perciformes","Centrolophidae","Icichthys lockingtoni","l_max",46,NA,1.95,4.23913043478261,NA,4.23913043478261,30.2666666666667,4.23913043478261,30.2666666666667
"Actinopterygii","Perciformes","Chiasmodontidae","Chiasmodon niger","l_max",29.9384245654508,NA,NA,NA,NA,4.87857020853057,36.7942330347152,4.87857020853057,36.7942330347152
"Actinopterygii","Perciformes","Coryphaenidae","Coryphaena hippurus","l_max",210,55.8,14,6.66666666666667,26.5714285714286,6.66666666666667,26.5714285714286,6.66666666666667,26.5714285714286
"Actinopterygii","Perciformes","Embiotocidae","Cymatogaster aggregata","l_max",20.3,5,NA,NA,24.6305418719212,4.87857020853057,24.6305418719212,4.87857020853057,24.6305418719212
"Actinopterygii","Perciformes","Gempylidae","Diplospinus multistriatus","l_max",35.8891994890309,17.4008239946816,1.89233960942163,5.27272727272728,48.4848484848483,3.30944055944056,40.673597904993,5.27272727272728,48.4848484848483
"Actinopterygii","Perciformes","Gempylidae","Gempylus serpens","l_max",110.491173119859,51.3783955007343,NA,NA,46.4999999999999,3.30944055944056,40.673597904993,3.30944055944056,46.4999999999999
"Actinopterygii","Perciformes","Gempylidae","Lepidocybium flavobrunneum","l_max",237.33400519218,30,NA,NA,12.6404136548859,3.30944055944056,40.673597904993,3.30944055944056,12.6404136548859
"Actinopterygii","Perciformes","Gempylidae","Nealotus tripes","l_max",29.0688749083811,17.4413249450287,NA,NA,60.0000000000001,3.30944055944056,40.673597904993,3.30944055944056,60.0000000000001
"Actinopterygii","Perciformes","Gempylidae","Nesiarchus nasutus","l_max",147.885079148294,28.8944693105128,1.99076068084242,1.34615384615385,19.5384615384615,3.30944055944056,40.673597904993,1.34615384615385,19.5384615384615
"Actinopterygii","Perciformes","Gempylidae","Rexea prometheoides","l_max",46.4932403148315,NA,NA,NA,NA,3.30944055944056,40.673597904993,3.30944055944056,40.673597904993
"Actinopterygii","Perciformes","Gempylidae","Thyrsitoides marleyi","l_max",200,113.755727503525,NA,NA,56.8778637517625,3.30944055944056,40.673597904993,3.30944055944056,56.8778637517625
"Actinopterygii","Perciformes","Gobiidae","Rhinogobiops nicholsii","l_max",15,5.67208832000058,3.1511601777781,21.0077345185207,37.8139221333372,21.0077345185207,37.8139221333372,21.0077345185207,37.8139221333372
"Actinopterygii","Perciformes","Istiophoridae","Makaira mazara","l_max",500,130,1.16,0.232,26,0.232,26,0.232,26
"Actinopterygii","Perciformes","Kyphosidae","Medialuna californiensis","l_max",48,19.05,1.82,3.79166666666667,39.6875,3.79166666666667,39.6875,3.79166666666667,39.6875
"Actinopterygii","Perciformes","Labridae","Halichoeres nicholsi","l_max",38,NA,NA,NA,NA,4.87857020853057,36.7942330347152,4.87857020853057,36.7942330347152
"Actinopterygii","Perciformes","Mugilidae","Mugil cephalus","l_max",123.683950568386,43.7841185012086,2.47367901136772,2,35.4,2,35.4,2,35.4
"Actinopterygii","Perciformes","Mullidae","Mullus barbatus barbatus","l_max",41.0314222292818,14.089102813669,4.94354484690142,12.0481927710843,34.3373493975902,12.0481927710843,34.3373493975902,12.0481927710843,34.3373493975902
"Actinopterygii","Perciformes","Nomeidae","Cubiceps capensis","l_max",101,NA,NA,NA,NA,7.06602519861735,30.6191588785047,7.06602519861735,30.6191588785047
"Actinopterygii","Perciformes","Nomeidae","Cubiceps gracilis","l_max",107,49.475,14.6,13.6448598130841,46.2383177570093,7.06602519861735,30.6191588785047,13.6448598130841,46.2383177570093
"Actinopterygii","Perciformes","Nomeidae","Cubiceps pauciradiatus","l_max",20,NA,1.04092712108598,5.2046356054299,NA,7.06602519861735,30.6191588785047,5.2046356054299,30.6191588785047
"Actinopterygii","Perciformes","Nomeidae","Psenes pellucidus","l_max",80,12,1.87886414187044,2.34858017733805,15,7.06602519861735,30.6191588785047,2.34858017733805,15
"Actinopterygii","Perciformes","Pomacentridae","Chromis punctipinnis","l_max",32.5375876759008,18.2210490985044,1.9,5.83940032348264,55.9999999999998,5.83940032348264,55.9999999999998,5.83940032348264,55.9999999999998
"Actinopterygii","Perciformes","Priacanthidae","Cookeolus japonicus","l_max",NA,NA,NA,NA,NA,4.87857020853057,36.7942330347152,4.87857020853057,36.7942330347152
"Actinopterygii","Perciformes","Scombridae","Katsuwonus pelamis","l_max",110,40,2.7,2.45454545454545,36.3636363636364,4.39220154755559,41.6594065656566,2.45454545454545,36.3636363636364
"Actinopterygii","Perciformes","Scombridae","Scomber japonicus","l_max",64,26.1,1.76989569615877,2.76546202524808,40.78125,4.39220154755559,41.6594065656566,2.76546202524808,40.78125
"Actinopterygii","Perciformes","Scombridae","Scomber scombrus","l_max",60,28.7,4.77395829772394,7.95659716287323,47.8333333333333,4.39220154755559,41.6594065656566,7.95659716287323,47.8333333333333
"Actinopterygii","Perciformes","Scombrolabracidae","Scombrolabrax heterolepis","l_max",30,NA,1.74896119096943,5.82987063656477,NA,5.82987063656477,36.7942330347152,5.82987063656477,36.7942330347152
"Actinopterygii","Perciformes","Sparidae","Boops boops","l_max",40,14.3,1.48051806984256,3.7012951746064,35.75,2.96175869841431,38.4166666666667,3.7012951746064,35.75
"Actinopterygii","Perciformes","Sparidae","Diplodus sargus","l_max",45,21,1,2.22222222222222,46.6666666666667,2.96175869841431,38.4166666666667,2.22222222222222,46.6666666666667
"Actinopterygii","Perciformes","Sparidae","Spondyliosoma cantharus","l_max",76.6198309197293,25.1568444853111,NA,NA,32.8333333333333,2.96175869841431,38.4166666666667,2.96175869841431,32.8333333333333
"Actinopterygii","Perciformes","Stromateidae","Peprilus simillimus","l_max",37.6686155191577,NA,2.69061539422555,7.14285714285714,NA,7.14285714285714,36.7942330347152,7.14285714285714,36.7942330347152
"Actinopterygii","Perciformes","Tetragonuridae","Tetragonurus atlanticus","l_max",50,NA,2.12311420376766,4.24622840753532,NA,3.89030080253328,36.7942330347152,4.24622840753532,36.7942330347152
"Actinopterygii","Perciformes","Tetragonuridae","Tetragonurus cuvieri","l_max",70,NA,2.47406123827187,3.53437319753124,NA,3.89030080253328,36.7942330347152,3.53437319753124,36.7942330347152
"Actinopterygii","Pleuronectiformes","Bothidae","Arnoglossus imperialis","l_max",25,6,3.79592826287603,15.1837130515041,24,15.1837130515041,24,15.1837130515041,24
"Actinopterygii","Pleuronectiformes","Paralichthyidae","Citharichthys sordidus","l_max",41,11.9,4.5390727480188,11.0709091415093,29.0243902439024,11.0709091415093,29.0243902439024,11.0709091415093,29.0243902439024
"Actinopterygii","Pleuronectiformes","Pleuronectidae","Pleuronichthys decurrens","l_max",37,NA,2.1,5.67567567567568,NA,5.67567567567568,34.3414634146341,5.67567567567568,34.3414634146341
"Actinopterygii","Pleuronectiformes","Pleutonectidae","Microstomus pacificus","l_max",76,38,6.5,8.55263157894737,50,8.55263157894737,50,8.55263157894737,50
"Actinopterygii","Pleutonectiformes","Pleuronectidae","Glyptocephalus zachirus","l_max",60,20,6.7,11.1666666666667,33.3333333333333,11.1666666666667,33.3333333333333,11.1666666666667,33.3333333333333
"Actinopterygii","Scorpaeniformes","Agonidae","Bathyagonus pentacanthus","l_max",23,2.5,1.5,6.52173913043478,10.8695652173913,6.52173913043478,10.8695652173913,6.52173913043478,10.8695652173913
"Actinopterygii","Scorpaeniformes","Anoplopomatidae","Anoplopoma fimbria","l_max",120,52.8,4.11845312264532,3.4320442688711,44,3.4320442688711,44,3.4320442688711,44
"Actinopterygii","Scorpaeniformes","Dactylopteridae","Dactyloptena orientalis","l_max",40,NA,1.735,4.3375,NA,4.3375,45.4278495545466,4.3375,45.4278495545466
"Actinopterygii","Scorpaeniformes","Gonatidae","Helicolenus dactylopterus","l_max",50,32,4,8,64,8,64,8,64
"Actinopterygii","Scorpaeniformes","Peristediidae","Peristedion gracile","l_max",20,6.7,NA,NA,33.5,6.1806551106185,33.5,6.1806551106185,33.5
"Actinopterygii","Scorpaeniformes","Sebastidae","Sebastes aleutianus","l_max",97,47,3.6736655068148,3.78728402764412,48.4536082474227,6.46150048167911,50.8573932072977,3.78728402764412,48.4536082474227
"Actinopterygii","Scorpaeniformes","Sebastidae","Sebastes brevispinis","l_max",71,46,3.63386610357306,5.11812127263811,64.7887323943662,6.46150048167911,50.8573932072977,5.11812127263811,64.7887323943662
"Actinopterygii","Scorpaeniformes","Sebastidae","Sebastes diploproa","l_max",46,19,3.65363966304346,7.9426949196597,41.304347826087,6.46150048167911,50.8573932072977,7.9426949196597,41.304347826087
"Actinopterygii","Scorpaeniformes","Sebastidae","Sebastes helvomaculatus","l_max",41,23,1.91934765346977,4.68133574017017,56.0975609756098,6.46150048167911,50.8573932072977,4.68133574017017,56.0975609756098
"Actinopterygii","Scorpaeniformes","Sebastidae","Sebastes maliger","l_max",61,31,1.76775601145222,2.89796067451184,50.8196721311475,6.46150048167911,50.8573932072977,2.89796067451184,50.8196721311475
"Actinopterygii","Scorpaeniformes","Sebastidae","Sebastes miniatus","l_max",91,37,2.73764457261111,3.00840062924298,40.6593406593407,6.46150048167911,50.8573932072977,3.00840062924298,40.6593406593407
"Actinopterygii","Scorpaeniformes","Sebastidae","Sebastes proriger","l_max",61,30,4.67083394137726,7.65710482192993,49.1803278688525,6.46150048167911,50.8573932072977,7.65710482192993,49.1803278688525
"Actinopterygii","Scorpaeniformes","Sebastidae","Sebastes wilsoni","l_max",23,NA,4.25864755175835,18.5158589206885,NA,6.46150048167911,50.8573932072977,18.5158589206885,50.8573932072977
"Actinopterygii","Scorpaeniformes","Sebastidae","Sebastes zacentrus","l_max",45,25,2.04513449788201,4.54474332862669,55.5555555555556,6.46150048167911,50.8573932072977,4.54474332862669,55.5555555555556
"Actinopterygii","Scorpaeniformes","Triglidae","Eutrigla gurnardus","l_max",60,18.8,3.65063028854464,6.08438381424107,31.3333333333333,6.08438381424107,31.3333333333333,6.08438381424107,31.3333333333333
"Actinopterygii","Stephanoberyciformes","Melamphaidae","Melamphaes lugubris","l_max",16,4,1.52,9.5,25,9.5,35.9090909090909,9.5,25
"Actinopterygii","Stephanoberyciformes","Melamphaidae","Scopelogadus bispinosus","l_max",11,5.15,NA,NA,46.8181818181818,9.5,35.9090909090909,9.5,46.8181818181818
"Actinopterygii","Stephanoberyciformes","Melamphaidae","Scopelogadus mizolepis bispinosus","l_max",NA,NA,NA,NA,NA,9.5,35.9090909090909,9.5,35.9090909090909
"Actinopterygii","Stomiiformes","Phosichthyidae","Vinciguerria lucetia","l_max",8,4.5,1.45,18.125,56.25,18.125,56.25,18.125,56.25
"Actinopterygii","Stomiiformes","Sternoptychidae","Argyropelecus aculeatus","l_max",9.86711726325134,2.49649954853347,NA,NA,25.3012048192771,24.7947748227462,42.8309830230011,24.7947748227462,25.3012048192771
"Actinopterygii","Stomiiformes","Sternoptychidae","Argyropelecus olfersii","l_max",11,NA,NA,NA,NA,24.7947748227462,42.8309830230011,24.7947748227462,42.8309830230011
"Actinopterygii","Stomiiformes","Sternoptychidae","Maurolicus imperatorius","l_max",8.16645656565657,5.10403535353535,NA,NA,62.4999999999999,24.7947748227462,42.8309830230011,24.7947748227462,62.4999999999999
"Actinopterygii","Stomiiformes","Sternoptychidae","Maurolicus muelleri","l_max",8,2.9,2.32352760800302,29.0440951000377,36.25,24.7947748227462,42.8309830230011,29.0440951000377,36.25
"Actinopterygii","Stomiiformes","Sternoptychidae","Sternoptyx diaphana","l_max",7.46188117014716,3.52743473497866,1.53307740404842,20.5454545454546,47.2727272727273,24.7947748227462,42.8309830230011,20.5454545454546,47.2727272727273
"Actinopterygii","Stomiiformes","Sternoptychidae","Sternoptyx obscura","l_max",5.85848610281474,NA,NA,NA,NA,24.7947748227462,42.8309830230011,24.7947748227462,42.8309830230011
"Actinopterygii","Stomiiformes","Stomiidae","Bathophilus flemingi","l_max",16,NA,2.7372006152494,17.1075038453087,NA,17.1075038453087,45.5147864184009,17.1075038453087,45.5147864184009
"Actinopterygii","Stomiiformes","Stomiidae","Melanostomias valdiviae","l_max",24.1,NA,NA,NA,NA,17.1075038453087,45.5147864184009,17.1075038453087,45.5147864184009
"Actinopterygii","Stomiiformes","Stomiidae","Photonectes margarita","l_max",50.6015982154685,NA,NA,NA,NA,17.1075038453087,45.5147864184009,17.1075038453087,45.5147864184009
"Actinopterygii","Sygnathiformes","Centriscidae","Macroramphosus scolopax","l_max",20,6.5,NA,NA,32.5,9.15408758669817,32.5,9.15408758669817,32.5
"Actinopterygii","Syngnathiformes","Syngnathidae","Entelurus aequoreus","l_max",60,NA,NA,NA,NA,9.15408758669817,42.1173584659917,9.15408758669817,42.1173584659917
"Actinopterygii","Syngnathiformes","Syngnathidae","Syngnathus californiensis","l_max",50,NA,NA,NA,NA,9.15408758669817,42.1173584659917,9.15408758669817,42.1173584659917
"Actinopterygii","Tetraodontiformes","Balistidae","Balistes punctatus","l_max",60,NA,NA,NA,NA,1.58621304194619,19.9694884660958,1.58621304194619,19.9694884660958
"Actinopterygii","Tetraodontiformes","Balistidae","Canthidermis maculata","l_max",50,9.98474423304788,NA,NA,19.9694884660958,1.58621304194619,19.9694884660958,1.58621304194619,19.9694884660958
"Actinopterygii","Tetraodontiformes","Molidae","Masturus lanceolatus","l_max",337,NA,6.91322203083942,2.05140119609478,NA,1.37931956291929,30,2.05140119609478,30
"Actinopterygii","Tetraodontiformes","Molidae","Ranzania laevis","l_max",100,30,0.707237929743801,0.707237929743801,30,1.37931956291929,30,0.707237929743801,30
"Actinopterygii","Tetraodontiformes","Ostraciidae","Lactoria diaphana","l_max",34,10.2,0.68,2,30,2,30,2,30
"Actinopterygii","Tetraodontiformes","Ostraciidae","Ostracion cubicus","l_max",45,NA,NA,NA,NA,2,30,2,30
"Actinopterygii","Tetraodontiformes","Tetraodontidae","Lagocephalus lagocephalus","l_max",61,NA,NA,NA,NA,1.58621304194619,26.6564961553653,1.58621304194619,26.6564961553653
"Branchiopoda","Onychopoda","Podonidae","Pseudevadne tergestina","l_max",0.1,NA,NA,NA,NA,NA,NA,NA,NA
"Cephalopoda","Decapodiformes","Chtenopterygidae","Chtenopteryx sicula","l_max",20.2118670033495,12.1271202020097,NA,NA,60,7.99055640964786,60,7.99055640964786,60
"Cephalopoda","Myopsida","Loliginidae","Alloteuthis subulata","l_max",28.9632962758189,10.7577957595899,4.13761375368842,14.2857142857143,37.1428571428572,11.0902255639098,36.9924812030076,14.2857142857143,37.1428571428572
"Cephalopoda","Myopsida","Loliginidae","Doryteuthis opalescens","l_max",29.1308192945635,10.7324071085234,2.29980152325502,7.89473684210529,36.8421052631579,11.0902255639098,36.9924812030076,7.89473684210529,36.8421052631579
"Cephalopoda","Octopoda","Alloposidae","Haliphron atlanticus","l_max",190.43070490154,NA,NA,NA,NA,9.02460995505148,31.7196364549059,9.02460995505148,31.7196364549059
"Cephalopoda","Octopoda","Amphitretidae","Japetella diaphana","l_max",16,5.5,NA,NA,34.375,9.02460995505148,34.375,9.02460995505148,34.375
"Cephalopoda","Octopoda","Amphitretidae","Japetella heathi","l_max",12.6368500116914,NA,NA,NA,NA,9.02460995505148,34.375,9.02460995505148,34.375
"Cephalopoda","Octopoda","Argonautidae","Argonauta argo","l_max",29.9960625970498,6.39916002070396,NA,NA,21.3333333333333,9.02460995505148,16.4137931034483,9.02460995505148,21.3333333333333
"Cephalopoda","Octopoda","Argonautidae","Argonauta nodosus","l_max",31.0242350001808,NA,NA,NA,NA,9.02460995505148,16.4137931034483,9.02460995505148,16.4137931034483
"Cephalopoda","Octopoda","Argonautidae","Argonauta nouryi","l_max",17.4,2,NA,NA,11.4942528735632,9.02460995505148,16.4137931034483,9.02460995505148,11.4942528735632
"Cephalopoda","Octopoda","Eledonidae","Eledone cirrhosa","l_max",55,11.1,3.34977682174817,6.0905033122694,20.1818181818182,6.0905033122694,20.1818181818182,6.0905033122694,20.1818181818182
"Cephalopoda","Octopoda","Octopodidae","Octopus bimaculatus","l_max",61,18,NA,NA,29.5081967213115,10.0026455026455,46.1230809263596,10.0026455026455,29.5081967213115
"Cephalopoda","Octopoda","Octopodidae","Octopus vulgaris","l_max",116.465789698133,32.6104211154772,3.49397369094398,2.99999999999999,28,10.0026455026455,46.1230809263596,2.99999999999999,28
"Cephalopoda","Octopoda","Octopodidae","Pteroctopus tetracirrhus","l_max",50.313264296594,35.9380459261386,2.40784907705129,4.7857142857143,71.4285714285715,10.0026455026455,46.1230809263596,4.7857142857143,71.4285714285715
"Cephalopoda","Octopoda","Octopodidae","Scaeurgus unicirrhus","l_max",40.4510882670787,22.4728268150437,8.98913072601749,22.2222222222222,55.5555555555555,10.0026455026455,46.1230809263596,22.2222222222222,55.5555555555555
"Cephalopoda","Octopoda","Opisthoteuthidae","Opisthoteuthis californiana","l_max",10.0920804867994,NA,NA,NA,NA,9.02460995505148,31.7196364549059,9.02460995505148,31.7196364549059
"Cephalopoda","Octopoda","Tremoctopodidae","Tremoctopus gracilis","l_max",187.15164333918,NA,NA,NA,NA,9.02460995505148,13.6,9.02460995505148,13.6
"Cephalopoda","Octopoda","Tremoctopodidae","Tremoctopus violaceus","l_max",100,13.6,NA,NA,13.6,9.02460995505148,13.6,9.02460995505148,13.6
"Cephalopoda","Oegopsida","Ancistrocheiridae","Ancistrocheirus lesueurii","l_max",98.7486856111935,24.5667461764433,6.0212613177557,6.09756097560976,24.8780487804878,6.09756097560976,24.8780487804878,6.09756097560976,24.8780487804878
"Cephalopoda","Oegopsida","Brachioteuthidae","Brachioteuthis riisei","l_max",26.3410721611391,10.226533897854,4.88084572397577,18.5294117647059,38.8235294117647,18.5294117647059,38.8235294117647,18.5294117647059,38.8235294117647
"Cephalopoda","Oegopsida","Chiroteuthidae","Chiroteuthis veranii","l_max",130,NA,5.89726114637363,4.53635472797972,NA,4.26817736398986,46.6657905243553,4.53635472797972,46.6657905243553
"Cephalopoda","Oegopsida","Chiroteuthidae","Grimalditeuthis bonplandi","l_max",56.0818912394107,NA,2.24327564957643,4,NA,4.26817736398986,46.6657905243553,4,46.6657905243553
"Cephalopoda","Oegopsida","Cranchiidae","Cranchia scabra","l_max",20.8192192744261,18.0433233711693,5.27420221618795,25.3333333333334,86.6666666666667,13.1045461445052,65.8859289617486,25.3333333333334,86.6666666666667
"Cephalopoda","Oegopsida","Cranchiidae","Galiteuthis armata","l_max",75.5721945597442,43.3610952391975,1.61055496602734,2.13114754098361,57.3770491803279,13.1045461445052,65.8859289617486,2.13114754098361,57.3770491803279
"Cephalopoda","Oegopsida","Cranchiidae","Galiteuthis phyllura","l_max",365.4754479286,NA,13.5361277010592,3.70370370370369,NA,13.1045461445052,65.8859289617486,3.70370370370369,65.8859289617486
"Cephalopoda","Oegopsida","Cranchiidae","Helicocranchia pfefferi","l_max",NA,NA,NA,NA,NA,13.1045461445052,65.8859289617486,13.1045461445052,65.8859289617486
"Cephalopoda","Oegopsida","Cranchiidae","Liocranchia reinhardtii","l_max",30.1787266131384,22.3322576937224,NA,NA,73.9999999999999,13.1045461445052,65.8859289617486,13.1045461445052,73.9999999999999
"Cephalopoda","Oegopsida","Cranchiidae","Teuthowenia megalops","l_max",62.5787956123373,28.4733520036135,13.2979940676217,21.25,45.5,13.1045461445052,65.8859289617486,21.25,45.5
"Cephalopoda","Oegopsida","Enoploteuthidae","Abralia redfieldi","l_max",6.83428234797389,5.50539411364563,NA,NA,80.5555555555555,21.8839285714285,59.0277777777778,21.8839285714285,80.5555555555555
"Cephalopoda","Oegopsida","Enoploteuthidae","Abraliopsis affinis","l_max",9.41080912162715,NA,NA,NA,NA,21.8839285714285,59.0277777777778,21.8839285714285,59.0277777777778
"Cephalopoda","Oegopsida","Enoploteuthidae","Abraliopsis felis","l_max",17.4557079803295,6.54589049262357,1.15644065369683,6.625,37.5,21.8839285714285,59.0277777777778,6.625,37.5
"Cephalopoda","Oegopsida","Enoploteuthidae","Abraliopsis gilchristi","l_max",12.0727221190135,NA,NA,NA,NA,21.8839285714285,59.0277777777778,21.8839285714285,59.0277777777778
"Cephalopoda","Oegopsida","Enoploteuthidae","Abraliopsis morisii","l_max",10.0189824057196,NA,3.72133632212441,37.142857142857,NA,21.8839285714285,59.0277777777778,37.142857142857,59.0277777777778
"Cephalopoda","Oegopsida","Gonatidae","Berryteuthis anonychus","l_max",24.715869386552,16.4772462577013,1.41704317816231,5.73333333333331,66.6666666666665,4.76705851619644,66.6666666666665,5.73333333333331,66.6666666666665
"Cephalopoda","Oegopsida","Gonatidae","Gonatopsis borealis","l_max",58.4100445745581,NA,1.77000135074418,3.03030303030302,NA,4.76705851619644,66.6666666666665,3.03030303030302,66.6666666666665
"Cephalopoda","Oegopsida","Gonatidae","Gonatus berryi","l_max",39.8325071084157,NA,1.65968779618399,4.16666666666667,NA,4.76705851619644,66.6666666666665,4.16666666666667,66.6666666666665
"Cephalopoda","Oegopsida","Gonatidae","Gonatus californiensis","l_max",52.8112311388557,NA,NA,NA,NA,4.76705851619644,66.6666666666665,4.76705851619644,66.6666666666665
"Cephalopoda","Oegopsida","Gonatidae","Gonatus onyx","l_max",28.044109345056,NA,1.72132809083447,6.13793103448275,NA,4.76705851619644,66.6666666666665,6.13793103448275,66.6666666666665
"Cephalopoda","Oegopsida","Gonatidae","Gonatus pyros","l_max",NA,NA,NA,NA,NA,4.76705851619644,66.6666666666665,4.76705851619644,66.6666666666665
"Cephalopoda","Oegopsida","Gonatidae","Gonatus steenstrupi","l_max",24.8335621726835,NA,NA,NA,NA,4.76705851619644,66.6666666666665,4.76705851619644,66.6666666666665
"Cephalopoda","Oegopsida","Histioteuthidae","Histioteuthis bonnellii","l_max",113.583592549183,24.0934893286146,NA,NA,21.2121212121212,6.8421052631579,36.5530303030304,6.8421052631579,21.2121212121212
"Cephalopoda","Oegopsida","Histioteuthidae","Histioteuthis heteropsis","l_max",39.9342857142857,16.6392857142857,NA,NA,41.6666666666666,6.8421052631579,36.5530303030304,6.8421052631579,41.6666666666666
"Cephalopoda","Oegopsida","Histioteuthidae","Histioteuthis meleagroteuthis","l_max",38.5419251560216,21.9756590801878,NA,NA,57.0175438596493,6.8421052631579,36.5530303030304,6.8421052631579,57.0175438596493
"Cephalopoda","Oegopsida","Histioteuthidae","Histioteuthis reversa","l_max",53.9912621016317,14.2082268688505,3.69413898590112,6.8421052631579,26.3157894736843,6.8421052631579,36.5530303030304,6.8421052631579,26.3157894736843
"Cephalopoda","Oegopsida","Histioteuthidae","Stigmatoteuthis dofleini","l_max",33.5,NA,NA,NA,NA,6.8421052631579,36.5530303030304,6.8421052631579,36.5530303030304
"Cephalopoda","Oegopsida","Histioteuthidae","Stigmatoteuthis hoylei","l_max",86.9180616333414,NA,NA,NA,NA,6.8421052631579,36.5530303030304,6.8421052631579,36.5530303030304
"Cephalopoda","Oegopsida","Lycoteuthidae","Lycoteuthis lorigera","l_max",38.7280444717763,18.3448631708414,NA,NA,47.3684210526316,7.21716900528456,47.3684210526316,7.21716900528456,47.3684210526316
"Cephalopoda","Oegopsida","Mastigoteuthidae","Mastigoteuthis dentata","l_max",11.8584563515954,NA,NA,NA,NA,7.21716900528456,46.6657905243553,7.21716900528456,46.6657905243553
"Cephalopoda","Oegopsida","Octopoteuthidae","Octopoteuthis nielseni","l_max",NA,NA,NA,NA,NA,7.21716900528456,46.6657905243553,7.21716900528456,46.6657905243553
"Cephalopoda","Oegopsida","Octopoteuthidae","Octopoteuthis rugosa","l_max",NA,NA,NA,NA,NA,7.21716900528456,46.6657905243553,7.21716900528456,46.6657905243553
"Cephalopoda","Oegopsida","Octopoteuthidae","Octopoteuthis sicula","l_max",43.4862943469484,NA,NA,NA,NA,7.21716900528456,46.6657905243553,7.21716900528456,46.6657905243553
"Cephalopoda","Oegopsida","Octopoteuthidae","Taningia danae","l_max",324.210290276717,NA,NA,NA,NA,7.21716900528456,46.6657905243553,7.21716900528456,46.6657905243553
"Cephalopoda","Oegopsida","Ocythoidae","Ocythoe tuberculata","l_max",96,NA,NA,NA,NA,7.21716900528456,46.6657905243553,7.21716900528456,46.6657905243553
"Cephalopoda","Oegopsida","Ommastrephidae","Dosidicus gigas","l_max",400,29.7,1.02912732775546,0.257281831938865,7.425,3.48893481394649,42.6926652457553,0.257281831938865,7.425
"Cephalopoda","Oegopsida","Ommastrephidae","Eucleoteuthis luminosa","l_max",36.7587919884038,15.3836354136492,2.0079692539921,5.46255506607929,41.8502202643173,3.48893481394649,42.6926652457553,5.46255506607929,41.8502202643173
"Cephalopoda","Oegopsida","Ommastrephidae","Hyaloteuthis pelagica","l_max",13.8829059855913,7.09570750374665,1.00265432118159,7.22222222222219,51.111111111111,3.48893481394649,42.6926652457553,7.22222222222219,51.111111111111
"Cephalopoda","Oegopsida","Ommastrephidae","Illex argentinus","l_max",57.8452103294623,24.8909692932838,1.01667339366934,1.75757575757576,43.0303030303031,3.48893481394649,42.6926652457553,1.75757575757576,43.0303030303031
"Cephalopoda","Oegopsida","Ommastrephidae","Illex coindetii","l_max",57.0039842758756,36.874452328457,3.56274901724223,6.25000000000001,64.6874999999999,3.48893481394649,42.6926652457553,6.25000000000001,64.6874999999999
"Cephalopoda","Oegopsida","Ommastrephidae","Ommastrephes bartramii","l_max",59.110808992145,32.8393383289695,1.64196691644847,2.77777777777777,55.5555555555556,3.48893481394649,42.6926652457553,2.77777777777777,55.5555555555556
"Cephalopoda","Oegopsida","Ommastrephidae","Ornithoteuthis antillarum","l_max",24.8220643782656,10.9217083264369,0.992882575130624,4,44.0000000000001,3.48893481394649,42.6926652457553,4,44.0000000000001
"Cephalopoda","Oegopsida","Ommastrephidae","Ornithoteuthis volatilis","l_max",38.4980561752377,16.1443461380029,0.670611301117044,1.74193548387097,41.9354838709677,3.48893481394649,42.6926652457553,1.74193548387097,41.9354838709677
"Cephalopoda","Oegopsida","Ommastrephidae","Sthenoteuthis oualaniensis","l_max",112.261280206458,31.6058681196643,NA,NA,28.1538461538461,3.48893481394649,42.6926652457553,3.48893481394649,28.1538461538461
"Cephalopoda","Oegopsida","Ommastrephidae","Todarodes pacificus","l_max",78.2727683733864,26.6127412469514,1.11147331090209,1.42,34,3.48893481394649,42.6926652457553,1.42,34
"Cephalopoda","Oegopsida","Ommastrephidae","Todarodes sagittatus","l_max",157.971713163682,48.8659166052989,6.31886852654727,3.99999999999999,30.9333333333333,3.48893481394649,42.6926652457553,3.99999999999999,30.9333333333333
"Cephalopoda","Oegopsida","Ommastrephidae","Todaropsis eblanae","l_max",55.8178886315148,38.8657891212029,NA,NA,69.6296296296296,3.48893481394649,42.6926652457553,3.48893481394649,69.6296296296296
"Cephalopoda","Oegopsida","Onychoteuthidae","Ancistroteuthis lichtensteinii","l_max",53.5670629555666,35.7113753037111,2.85691002429689,5.33333333333334,66.6666666666667,2.2162814988902,47.6527614571092,5.33333333333334,66.6666666666667
"Cephalopoda","Oegopsida","Onychoteuthidae","Onychoteuthis banksii","l_max",46.9003526734385,NA,NA,NA,NA,2.2162814988902,47.6527614571092,2.2162814988902,47.6527614571092
"Cephalopoda","Oegopsida","Onychoteuthidae","Onychoteuthis borealijaponica","l_max",55.5945100947813,37.5638581721495,0.525894014410094,0.945945945945947,67.5675675675675,2.2162814988902,47.6527614571092,0.945945945945947,67.5675675675675
"Cephalopoda","Oegopsida","Onychoteuthidae","Onykia loennbergii","l_max",55.3988273924303,NA,NA,NA,NA,2.2162814988902,47.6527614571092,2.2162814988902,47.6527614571092
"Cephalopoda","Oegopsida","Onychoteuthidae","Onykia robusta","l_max",401.086441281139,12.2069786476868,1.48227597864769,0.369565217391305,3.04347826086956,2.2162814988902,47.6527614571092,0.369565217391305,3.04347826086956
"Cephalopoda","Oegopsida","Onychoteuthidae","Walvisteuthis rancureli","l_max",32.0216588661211,17.0782180619312,NA,NA,53.3333333333332,2.2162814988902,47.6527614571092,2.2162814988902,53.3333333333332
"Cephalopoda","Oegopsida","Pyroteuthidae","Pterygioteuthis giardi","l_max",6.24609969644303,2.34228738616614,0.780762462055378,12.5,37.5000000000001,12.5,35.75,12.5,37.5000000000001
"Cephalopoda","Oegopsida","Pyroteuthidae","Pterygioteuthis microlampas","l_max",9.41149507777527,3.19990832644359,NA,NA,34,12.5,35.75,12.5,34
"Cephalopoda","Oegopsida","Pyroteuthidae","Pyroteuthis margaritifera","l_max",11.5485704309348,NA,NA,NA,NA,12.5,35.75,12.5,35.75
"Cephalopoda","Oegopsida","Thysanoteuthidae","Thysanoteuthis rhombus","l_max",165.016659790511,99.0099958743068,NA,NA,60.0000000000001,7.21716900528456,60.0000000000001,7.21716900528456,60.0000000000001
"Cephalopoda","Sepiida","Sepiolidae","Heteroteuthis dispar","l_max",4.21094973026624,1.76859888671182,NA,NA,42,7.99055640964786,42.9999999999999,7.99055640964786,42
"Cephalopoda","Sepiida","Sepiolidae","Sepietta oweniana","l_max",11.0145231878667,4.84639020266133,NA,NA,43.9999999999998,7.99055640964786,42.9999999999999,7.99055640964786,43.9999999999998
"Cephalopoda","Spirulida","Spirulidae","Spirula spirula","l_max",7.7391532117755,NA,NA,NA,NA,7.99055640964786,43.519846336253,7.99055640964786,43.519846336253
"Cephalopoda","Vampyromorpha","Vampyroteuthidae","Vampyroteuthis infernalis","l_max",30,NA,6.02497159381358,20.0832386460453,NA,20.0832386460453,43.519846336253,20.0832386460453,43.519846336253
"Gastropoda","Caenogastropoda","Epitoniodea","Janthina exigua","l_max",1.53,NA,NA,NA,NA,NA,NA,NA,NA
"Gastropoda","Littorinimorpha","Atlantidae","Atlanta peronii","l_max",1.1,NA,NA,NA,NA,NA,NA,NA,NA
"Gastropoda","Littorinimorpha","Carinariidae","Carinaria lamarckii","l_max",11.5,NA,NA,NA,NA,NA,NA,NA,NA
"Gastropoda","Pteropoda","Cavoliniidae","Cavolinia tridentata","l_max",2,NA,NA,NA,NA,NA,NA,NA,NA
"Gastropoda","Pteropoda","Cavoliniidae","Diacria trispinosa","l_max",NA,NA,NA,NA,NA,NA,NA,NA,NA
"Gastropoda","Pteropoda","Cliidae","Clio pyramidata","l_max",NA,NA,NA,NA,NA,NA,NA,NA,NA
"Hexanauplia","Calanoida","Calanidae","Calanus finmarchicus","l_max",0.4,NA,NA,NA,NA,NA,NA,NA,NA
"Hexanauplia","Calanoida","Calanidae","Cosmocalanus darwinii darwinii","l_max",0.258,NA,NA,NA,NA,NA,NA,NA,NA
"Hexanauplia","Calanoida","Clausocalanidae","Clausocalanus furcatus","l_max",0.16,NA,NA,NA,NA,NA,NA,NA,NA
"Hexanauplia","Cyclopoida","Corycaeidae","Farranula gibbula","l_max",0.11,NA,NA,NA,NA,NA,NA,NA,NA
"Hydrozoa","Siphonophorae","Diphyidae","Chelophyes appendiculata","l_max",0.2,NA,NA,NA,NA,NA,NA,NA,NA
"Malacostraca","Amphipoda","Brachyscelidae","Brachyscelus crusculum","l_max",0.21,NA,NA,NA,NA,13.2277038321486,35.9384836382273,13.2277038321486,35.9384836382273
"Malacostraca","Amphipoda","Brachyscelidae","Brachyscelus macrocephalus","l_max",0.5,NA,NA,NA,NA,13.2277038321486,35.9384836382273,13.2277038321486,35.9384836382273
"Malacostraca","Amphipoda","Cyphocarididae","Cyphocaris faurei","l_max",3,NA,NA,NA,NA,13.2277038321486,35.9384836382273,13.2277038321486,35.9384836382273
"Malacostraca","Amphipoda","Eupronoidae","Parapronoe crustulum","l_max",2,NA,NA,NA,NA,13.2277038321486,35.9384836382273,13.2277038321486,35.9384836382273
"Malacostraca","Amphipoda","Hyperiidae","Hyperia galba","l_max",1.2,NA,NA,NA,NA,13.2277038321486,35.9384836382273,13.2277038321486,35.9384836382273
"Malacostraca","Amphipoda","Hyperiidae","Themisto gaudichaudii","l_max",2.8,NA,NA,NA,NA,13.2277038321486,35.9384836382273,13.2277038321486,35.9384836382273
"Malacostraca","Amphipoda","Lanceolidae","Lanceola sayana","l_max",4.2,NA,NA,NA,NA,13.2277038321486,35.9384836382273,13.2277038321486,35.9384836382273
"Malacostraca","Amphipoda","Oxyccephalidae","Leptocotis tenuirostris","l_max",0.9,NA,NA,NA,NA,13.2277038321486,35.9384836382273,13.2277038321486,35.9384836382273
"Malacostraca","Amphipoda","Oxyccephalidae","Streetsia challengeri","l_max",4.9,NA,NA,NA,NA,13.2277038321486,35.9384836382273,13.2277038321486,35.9384836382273
"Malacostraca","Amphipoda","Phrosinidae","Anchylomera blossevillei","l_max",1.1,NA,NA,NA,NA,13.2277038321486,35.9384836382273,13.2277038321486,35.9384836382273
"Malacostraca","Amphipoda","Phrosinidae","Phrosina semilunata","l_max",3,NA,NA,NA,NA,13.2277038321486,35.9384836382273,13.2277038321486,35.9384836382273
"Malacostraca","Amphipoda","Phrosinidae","Primno macropa","l_max",2.1,NA,NA,NA,NA,13.2277038321486,35.9384836382273,13.2277038321486,35.9384836382273
"Malacostraca","Amphipoda","Platyscelidae","Platyscelus armatus","l_max",1.6,NA,NA,NA,NA,13.2277038321486,35.9384836382273,13.2277038321486,35.9384836382273
"Malacostraca","Amphipoda","Platyscelidae","Platyscelus ovoides","l_max",2,NA,NA,NA,NA,13.2277038321486,35.9384836382273,13.2277038321486,35.9384836382273
"Malacostraca","Amphipoda","Platyscelidae","Platyscelus serratulus","l_max",0.7,NA,NA,NA,NA,13.2277038321486,35.9384836382273,13.2277038321486,35.9384836382273
"Malacostraca","Amphipoda","Vibiliidae","Vibilia gibbosa","l_max",0.8,NA,NA,NA,NA,13.2277038321486,35.9384836382273,13.2277038321486,35.9384836382273
"Malacostraca","Decapoda","Acanthephyridae","Acanthephyra pelagica","l_max",27,2.8,NA,NA,10.3703703703704,13.2277038321486,10.3703703703704,13.2277038321486,10.3703703703704
"Malacostraca","Decapoda","Alpheidae","Alpheus glaber","l_max",0.43,NA,NA,NA,NA,13.2277038321486,28.0637965930401,13.2277038321486,28.0637965930401
"Malacostraca","Decapoda","Axiidae","Axius stirhynchus","l_max",0.21,NA,NA,NA,NA,13.2277038321486,28.0637965930401,13.2277038321486,28.0637965930401
"Malacostraca","Decapoda","Benthesicymidae","Gennadas elegans","l_max",4.5,NA,NA,NA,NA,13.2277038321486,28.0637965930401,13.2277038321486,28.0637965930401
"Malacostraca","Decapoda","Munididae","Pleuroncodes planipes","l_max",13,1.45,0.72,5.53846153846154,11.1538461538462,5.53846153846154,11.1538461538462,5.53846153846154,11.1538461538462
"Malacostraca","Decapoda","Oplophoroidae","Janicella spinicauda","l_max",1.04,NA,NA,NA,NA,13.2277038321486,28.0637965930401,13.2277038321486,28.0637965930401
"Malacostraca","Decapoda","Oplophoroidae","Oplophorus typus","l_max",3.9,NA,NA,NA,NA,13.2277038321486,28.0637965930401,13.2277038321486,28.0637965930401
"Malacostraca","Decapoda","Oplophpridae","Systellaspis debilis","l_max",1.7,1.054,0.462,27.1764705882353,62,27.1764705882353,62,27.1764705882353,62
"Malacostraca","Decapoda","Palinuridae","Palinurus mauritanicus","l_max",75,9,2.23,2.97333333333333,12,2.97333333333333,12,2.97333333333333,12
"Malacostraca","Decapoda","Pandalidae","Heterocarpus laevigatus","l_max",18,NA,NA,NA,NA,13.2277038321486,28.0637965930401,13.2277038321486,28.0637965930401
"Malacostraca","Decapoda","Pasiphaeidae","Parapasiphae sulcatifrons","l_max",9.89,1.9,1.6,16.1779575328615,19.211324570273,16.1779575328615,19.211324570273,16.1779575328615,19.211324570273
"Malacostraca","Decapoda","Penaeidae","Funchalia taaningi","l_max",2.3,NA,NA,NA,NA,13.2277038321486,28.0637965930401,13.2277038321486,28.0637965930401
"Malacostraca","Decapoda","Penaeidae","Funchalia woodwardi","l_max",16,NA,NA,NA,NA,13.2277038321486,28.0637965930401,13.2277038321486,28.0637965930401
"Malacostraca","Decapoda","Polybiidae","Polybius henslowii","l_max",4.4,3.78,NA,NA,85.9090909090909,13.2277038321486,85.9090909090909,13.2277038321486,85.9090909090909
"Malacostraca","Decapoda","Scyllaridae","Parribacus antarcticus","l_max",20,NA,2,10,NA,13.75,13.125,10,13.125
"Malacostraca","Decapoda","Scyllaridae","Scyllarus arctus","l_max",16,2.1,2.8,17.5,13.125,13.75,13.125,17.5,13.125
"Malacostraca","Decapoda","Sergestidae","Eusergestes arcticus","l_max",1.4,NA,NA,NA,NA,13.2277038321486,10.7407407407407,13.2277038321486,10.7407407407407
"Malacostraca","Decapoda","Sergestidae","Eusergestes similis","l_max",5.4,0.58,NA,NA,10.7407407407407,13.2277038321486,10.7407407407407,13.2277038321486,10.7407407407407
"Malacostraca","Decapoda","Sergestidae","Robustosergia robusta","l_max",NA,NA,NA,NA,NA,13.2277038321486,10.7407407407407,13.2277038321486,10.7407407407407
"Malacostraca","Euphausiacea","Euphausiidae","Euphausia pacifica","l_max",2.5,NA,NA,NA,NA,13.2277038321486,48.8211077844311,13.2277038321486,48.8211077844311
"Malacostraca","Euphausiacea","Euphausiidae","Meganyctiphanes norvegica","l_max",4,1.75,NA,NA,43.75,13.2277038321486,48.8211077844311,13.2277038321486,43.75
"Malacostraca","Euphausiacea","Euphausiidae","Nematoscelis megalops","l_max",2.6,NA,NA,NA,NA,13.2277038321486,48.8211077844311,13.2277038321486,48.8211077844311
"Malacostraca","Euphausiacea","Euphausiidae","Nyctiphanes australis","l_max",1.67,0.9,NA,NA,53.8922155688623,13.2277038321486,48.8211077844311,13.2277038321486,53.8922155688623
"Malacostraca","Euphausiacea","Euphausiidae","Stylocheiron abbreviatum","l_max",1.6,NA,NA,NA,NA,13.2277038321486,48.8211077844311,13.2277038321486,48.8211077844311
"Malacostraca","Isopoda","Idoteidae","Idotea metallica","l_max",NA,NA,NA,NA,NA,13.2277038321486,35.9384836382273,13.2277038321486,35.9384836382273
"Malacostraca","Lophogastrida","Gnathophausiidae","Neognathophausia gigas","l_max",16.4,12,NA,NA,73.1707317073171,13.2277038321486,73.1707317073171,13.2277038321486,73.1707317073171
"Malacostraca","Lophogastrida","Gnathophausiidae","Neognathophausia ingens","l_max",35,NA,NA,NA,NA,13.2277038321486,73.1707317073171,13.2277038321486,73.1707317073171
"Malacostraca","Stomatopoda","Lysiosquillidae","Lysiosquilla tredecimdentata","l_max",2.76,NA,NA,NA,NA,13.2277038321486,35.9384836382273,13.2277038321486,35.9384836382273
"Malacostraca","Stomatopoda","Odontodactylidae","Odontodactylus hansenii","l_max",7.7,NA,NA,NA,NA,13.2277038321486,35.9384836382273,13.2277038321486,35.9384836382273
"Malacostraca","Stomatopoda","Odontodacylidae","Odontodactylus scyllarus","l_max",17,NA,NA,NA,NA,13.2277038321486,35.9384836382273,13.2277038321486,35.9384836382273
"Malacostraca","Stomatopoda","Squillidae","Natosquilla investigatoris","l_max",6.3,NA,NA,NA,NA,13.2277038321486,35.9384836382273,13.2277038321486,35.9384836382273
"Malacostraca","Stomatopoda","Squilllidae","Neoanchisquilla tuberculata","l_max",7.4,NA,NA,NA,NA,13.2277038321486,35.9384836382273,13.2277038321486,35.9384836382273
"Malacostraca","Stromatopoda","Protosquillidae","Echinosquilla guerinii","l_max",8.1,NA,NA,NA,NA,13.2277038321486,35.9384836382273,13.2277038321486,35.9384836382273
"Thaliacea","Pyrosomatida","Pyrosomatidae","Pyrosoma atlanticum","l_max",NA,NA,NA,NA,NA,NA,NA,NA,NA
"Thaliacea","Salpida","Salpidae","Salpa maxima","l_max",10,NA,NA,NA,NA,NA,NA,NA,NA
"Thaliacea","Salpida","Salpidae","Soestia zonaria","l_max",NA,NA,NA,NA,NA,NA,NA,NA,NA
